{"timestamp": 1659430743, "source": "USD", "quotes": {"USDAED": 3.673011, "USDAFN": 89.430183, "USDALL": 113.467522, "USDAMD": 405.297138, "USDANG": 1.796595, "USDAOA": 432.58485, "USDARS": 131.902095, "USDAUD": 1.445327, "USDAWG": 1.8025, "USDAZN": 1.68613, "USDBAM": 1.901781, "USDBBD": 2.012835, "USDBDT": 94.429767, "USDBGN": 1.909819, "USDBHD": 0.377056, "USDBIF": 2053.858009, "USDBMD": 1, "USDBND": 1.37178, "USDBOB": 6.853426, "USDBRL": 5.186299, "USDBSD": 0.996888, "USDBTN": 78.75807, "USDBWP": 12.461007, "USDBYN": 2.516263, "USDBZD": 2.009432, "USDCAD": 1.28636, "USDCDF": 2000.00011, "USDCHF": 0.951745, "USDCLP": 891.696662, "USDCNY": 6.760401, "USDCOP": 4259.33, "USDCRC": 666.102766, "USDCUP": 26.5, "USDCVE": 107.216826, "USDCZK": 24.062048, "USDDJF": 177.469856, "USDDKK": 7.27107, "USDDOP": 54.282242, "USDDZD": 145.706064, "USDEGP": 19.014987, "USDERN": 15, "USDETB": 52.455107, "USDEUR": 0.976655, "USDFJD": 2.19495, "USDFKP": 0.842337, "USDGBP": 0.82027, "USDGEL": 2.735016, "USDGHS": 8.423422, "USDGIP": 0.842337, "USDGMD": 54.14972, "USDGNF": 8623.325101, "USDGTQ": 7.712741, "USDGYD": 208.667581, "USDHKD": 7.84975, "USDHNL": 24.5219, "USDHRK": 7.3411, "USDHTG": 118.625478, "USDHUF": 388.511001, "USDIDR": 14865.35, "USDILS": 3.374035, "USDINR": 78.63555, "USDIQD": 1454.99718, "USDIRR": 42349.999801, "USDISK": 135.470171, "USDJMD": 152.61446, "USDJOD": 0.70904, "USDJPY": 130.924503, "USDKES": 118.949972, "USDKGS": 82.984499, "USDKHR": 4089.554416, "USDKMF": 480.049822, "USDKPW": 899.999992, "USDKRW": 1307.409942, "USDKWD": 0.30656, "USDKYD": 0.830716, "USDKZT": 478.758059, "USDLAK": 15056.252978, "USDLBP": 1507.502018, "USDLKR": 356.875602, "USDLRD": 154.05016, "USDLYD": 4.846266, "USDMAD": 10.228506, "USDMDL": 19.239977, "USDMGA": 4194.410681, "USDMKD": 59.914623, "USDMMK": 1845.720828, "USDMNT": 3144.659992, "USDMOP": 8.06025, "USDMUR": 44.701089, "USDMVR": 15.449708, "USDMWK": 1023.241183, "USDMXN": 20.439404, "USDMYR": 4.456015, "USDMZN": 63.830146, "USDNAD": 16.55504, "USDNGN": 416.180154, "USDNIO": 35.790927, "USDNOK": 9.702435, "USDNPR": 126.00457, "USDNZD": 1.593209, "USDOMR": 0.384508, "USDPAB": 0.996869, "USDPEN": 3.911338, "USDPGK": 3.512544, "USDPHP": 55.510381, "USDPKR": 237.755543, "USDPLN": 4.59899, "USDPYG": 6859.490471, "USDQAR": 3.640982, "USDRON": 4.8118, "USDRSD": 114.609816, "USDRUB": 60.174987, "USDRWF": 1028.276935, "USDSAR": 3.757801, "USDSBD": 8.206979, "USDSCR": 12.862189, "USDSDG": 568.541272, "USDSEK": 10.16136, "USDSGD": 1.380255, "USDSHP": 1.377403, "USDSLL": 13774.999971, "USDSOS": 584.999641, "USDSRD": 24.32901, "USDSYP": 2512.529433, "USDSZL": 16.419876, "USDTHB": 36.14804, "USDTJS": 10.182308, "USDTMT": 3.5, "USDTND": 3.12175, "USDTOP": 2.331396, "USDTRY": 17.952196, "USDTTD": 6.764195, "USDTWD": 29.9925, "USDTZS": 2331.999901, "USDUAH": 36.800144, "USDUGX": 3852.863102, "USDUSD": 1.000268, "USDUYU": 40.893357, "USDUZS": 10907.135495, "USDVND": 23355, "USDVUV": 118.896025, "USDWST": 2.72097, "USDXAF": 637.842279, "USDXCD": 2.70255, "USDXOF": 637.842279, "USDXPF": 113.150073, "USDYER": 250.249853, "USDZAR": 16.51255, "USDZMW": 16.348794}}