{"timestamp": 1658825943, "source": "USD", "quotes": {"USDAED": 3.673096, "USDAFN": 90.019895, "USDALL": 114.010861, "USDAMD": 409.611935, "USDANG": 1.803233, "USDAOA": 430.903986, "USDARS": 130.388636, "USDAUD": 1.437599, "USDAWG": 1.7975, "USDAZN": 1.701632, "USDBAM": 1.912054, "USDBBD": 2.020168, "USDBDT": 94.499435, "USDBGN": 1.916104, "USDBHD": 0.377028, "USDBIF": 2060.954448, "USDBMD": 1, "USDBND": 1.385773, "USDBOB": 6.878614, "USDBRL": 5.3578, "USDBSD": 1.000503, "USDBTN": 79.819434, "USDBWP": 12.617059, "USDBYN": 2.525968, "USDBZD": 2.016707, "USDCAD": 1.283165, "USDCDF": 2002.499865, "USDCHF": 0.96415, "USDCLP": 936.930227, "USDCNY": 6.7564, "USDCOP": 4467.8, "USDCRC": 671.965353, "USDCUP": 26.5, "USDCVE": 107.798042, "USDCZK": 24.095996, "USDDJF": 178.12364, "USDDKK": 7.29397, "USDDOP": 54.388769, "USDDZD": 145.973012, "USDEGP": 18.929796, "USDERN": 15, "USDETB": 52.63216, "USDEUR": 0.979765, "USDFJD": 2.19645, "USDFKP": 0.842337, "USDGBP": 0.83084, "USDGEL": 2.939874, "USDGHS": 8.279425, "USDGIP": 0.842337, "USDGMD": 54.089774, "USDGNF": 8662.655137, "USDGTQ": 7.739015, "USDGYD": 209.327448, "USDHKD": 7.848825, "USDHNL": 24.610301, "USDHRK": 7.364497, "USDHTG": 117.330883, "USDHUF": 390.859407, "USDIDR": 14997.25, "USDILS": 3.43161, "USDINR": 79.738502, "USDIQD": 1460.267183, "USDIRR": 42349.999734, "USDISK": 136.659504, "USDJMD": 152.558644, "USDJOD": 0.708986, "USDJPY": 136.562028, "USDKES": 118.650423, "USDKGS": 80.421698, "USDKHR": 4097.137019, "USDKMF": 464.625032, "USDKPW": 899.999992, "USDKRW": 1307.590338, "USDKWD": 0.30719, "USDKYD": 0.83372, "USDKZT": 478.313789, "USDLAK": 15064.400549, "USDLBP": 1512.76524, "USDLKR": 355.175262, "USDLRD": 152.501722, "USDLYD": 4.878554, "USDMAD": 10.209846, "USDMDL": 19.320067, "USDMGA": 4207.247149, "USDMKD": 60.236488, "USDMMK": 1852.486545, "USDMNT": 3144.659992, "USDMOP": 8.089002, "USDMUR": 45.254409, "USDMVR": 15.350278, "USDMWK": 1026.952199, "USDMXN": 20.436601, "USDMYR": 4.456027, "USDMZN": 63.830033, "USDNAD": 15.840048, "USDNGN": 415.249983, "USDNIO": 35.874023, "USDNOK": 9.81105, "USDNPR": 127.709807, "USDNZD": 1.60006, "USDOMR": 0.385005, "USDPAB": 1.000494, "USDPEN": 3.918877, "USDPGK": 3.525421, "USDPHP": 55.421504, "USDPKR": 229.997507, "USDPLN": 4.62275, "USDPYG": 6892.074867, "USDQAR": 3.641001, "USDRON": 4.833102, "USDRSD": 114.903293, "USDRUB": 58.475005, "USDRWF": 1033.429302, "USDSAR": 3.757687, "USDSBD": 8.159969, "USDSCR": 12.892798, "USDSDG": 456.499662, "USDSEK": 10.224175, "USDSGD": 1.386135, "USDSHP": 1.377402, "USDSLL": 13170.00019, "USDSOS": 584.50203, "USDSRD": 23.789497, "USDSYP": 2512.529433, "USDSZL": 16.77647, "USDTHB": 36.660197, "USDTJS": 10.105339, "USDTMT": 3.51, "USDTND": 3.063502, "USDTOP": 2.341801, "USDTRY": 17.8733, "USDTTD": 6.804479, "USDTWD": 29.920197, "USDTZS": 2332.000303, "USDUAH": 36.587984, "USDUGX": 3849.466465, "USDUSD": 1.000268, "USDUYU": 41.837548, "USDUZS": 10972.905068, "USDVND": 23355, "USDVUV": 118.896025, "USDWST": 2.72097, "USDXAF": 641.26874, "USDXCD": 2.70255, "USDXOF": 641.281278, "USDXPF": 113.150344, "USDYER": 250.249692, "USDZAR": 16.72035, "USDZMW": 16.333384}}