{"timestamp": 1657950003, "source": "USD", "quotes": {"USDAED": 3.673104, "USDAFN": 88.028922, "USDALL": 116.356548, "USDAMD": 413.420403, "USDANG": 1.80283, "USDAOA": 431.915041, "USDARS": 128.408139, "USDAUD": 1.47333, "USDAWG": 1.7975, "USDAZN": 1.70397, "USDBAM": 1.945074, "USDBBD": 2.01983, "USDBDT": 93.982676, "USDBGN": 1.94071, "USDBHD": 0.377469, "USDBIF": 2059.44129, "USDBMD": 1, "USDBND": 1.403032, "USDBOB": 6.877368, "USDBRL": 5.407804, "USDBSD": 1.000368, "USDBTN": 79.849333, "USDBWP": 12.808696, "USDBYN": 2.524937, "USDBZD": 2.016449, "USDCAD": 1.303585, "USDCDF": 2002.50392, "USDCHF": 0.976887, "USDCLP": 1050.750396, "USDCNY": 6.757404, "USDCOP": 4403.85, "USDCRC": 683.221784, "USDCUP": 26.5, "USDCVE": 109.658588, "USDCZK": 24.290904, "USDDJF": 177.720394, "USDDKK": 7.378504, "USDDOP": 54.609012, "USDDZD": 147.359801, "USDEGP": 18.906203, "USDERN": 15, "USDETB": 52.212664, "USDEUR": 0.99138, "USDFJD": 2.23025, "USDFKP": 0.842337, "USDGBP": 0.843526, "USDGEL": 2.940391, "USDGHS": 8.127853, "USDGIP": 0.842337, "USDGMD": 54.09039, "USDGNF": 8677.513351, "USDGTQ": 7.742683, "USDGYD": 209.292612, "USDHKD": 7.849905, "USDHNL": 24.593001, "USDHRK": 7.443604, "USDHTG": 115.917974, "USDHUF": 397.470388, "USDIDR": 14996.35, "USDILS": 3.46459, "USDINR": 79.720704, "USDIQD": 1460.10055, "USDIRR": 42350.000352, "USDISK": 137.720386, "USDJMD": 151.76759, "USDJOD": 0.70904, "USDJPY": 138.531504, "USDKES": 118.250385, "USDKGS": 80.969404, "USDKHR": 4086.666368, "USDKMF": 464.625039, "USDKPW": 899.999992, "USDKRW": 1319.00035, "USDKWD": 0.308039, "USDKYD": 0.833706, "USDKZT": 482.223305, "USDLAK": 15038.735791, "USDLBP": 1512.535678, "USDLKR": 360.148787, "USDLRD": 152.503775, "USDLYD": 4.87524, "USDMAD": 10.442354, "USDMDL": 19.326723, "USDMGA": 4211.967818, "USDMKD": 61.217089, "USDMMK": 1852.264276, "USDMNT": 3144.659992, "USDMOP": 8.088795, "USDMUR": 45.210918, "USDMVR": 15.350378, "USDMWK": 1026.763001, "USDMXN": 20.533405, "USDMYR": 4.449039, "USDMZN": 63.830377, "USDNAD": 15.840377, "USDNGN": 415.403727, "USDNIO": 35.867652, "USDNOK": 10.171704, "USDNPR": 127.766755, "USDNZD": 1.621436, "USDOMR": 0.385558, "USDPAB": 1.000368, "USDPEN": 3.906795, "USDPGK": 3.570388, "USDPHP": 56.290375, "USDPKR": 210.836976, "USDPLN": 4.73995, "USDPYG": 6862.251748, "USDQAR": 3.641038, "USDRON": 4.896504, "USDRSD": 116.451613, "USDRUB": 57.000341, "USDRWF": 1031.814068, "USDSAR": 3.75494, "USDSBD": 8.159969, "USDSCR": 13.169231, "USDSDG": 456.503678, "USDSEK": 10.490904, "USDSGD": 1.399565, "USDSHP": 1.377404, "USDSLL": 13170.000339, "USDSOS": 584.503667, "USDSRD": 22.507504, "USDSYP": 2512.529433, "USDSZL": 17.186459, "USDTHB": 36.612038, "USDTJS": 10.303621, "USDTMT": 3.51, "USDTND": 3.063504, "USDTOP": 2.36505, "USDTRY": 17.403642, "USDTTD": 6.794725, "USDTWD": 29.924038, "USDTZS": 2332.000336, "USDUAH": 29.55874, "USDUGX": 3771.344465, "USDUSD": 1.000268, "USDUYU": 41.104691, "USDUZS": 10954.103806, "USDVND": 23455, "USDVUV": 118.896025, "USDWST": 2.72097, "USDXAF": 652.362483, "USDXCD": 2.70255, "USDXOF": 652.349507, "USDXPF": 113.150364, "USDYER": 250.250364, "USDZAR": 17.091945, "USDZMW": 16.430738}}