{"timestamp": 1658653143, "source": "USD", "quotes": {"USDAED": 3.673104, "USDAFN": 89.593735, "USDALL": 114.243759, "USDAMD": 408.986784, "USDANG": 1.794714, "USDAOA": 432.01925, "USDARS": 129.053255, "USDAUD": 1.443835, "USDAWG": 1.7975, "USDAZN": 1.70397, "USDBAM": 1.914665, "USDBBD": 2.010671, "USDBDT": 94.055213, "USDBGN": 1.915281, "USDBHD": 0.376897, "USDBIF": 2051.091532, "USDBMD": 1, "USDBND": 1.384337, "USDBOB": 6.836319, "USDBRL": 5.496671, "USDBSD": 0.995791, "USDBTN": 79.503867, "USDBWP": 12.637298, "USDBYN": 2.513558, "USDBZD": 2.007244, "USDCAD": 1.29175, "USDCDF": 2002.50392, "USDCHF": 0.96821, "USDCLP": 924.937445, "USDCNY": 6.751304, "USDCOP": 4408.027411, "USDCRC": 669.182575, "USDCUP": 26.5, "USDCVE": 107.9442, "USDCZK": 24.07875, "USDDJF": 177.278512, "USDDKK": 7.287165, "USDDOP": 54.142927, "USDDZD": 145.965737, "USDEGP": 18.914342, "USDERN": 15, "USDETB": 52.381106, "USDEUR": 0.97904, "USDFJD": 2.20465, "USDFKP": 0.842337, "USDGBP": 0.833021, "USDGEL": 2.940391, "USDGHS": 8.110915, "USDGIP": 0.842337, "USDGMD": 54.09039, "USDGNF": 8638.277044, "USDGTQ": 7.702692, "USDGYD": 208.340675, "USDHKD": 7.848204, "USDHNL": 24.490455, "USDHRK": 7.366204, "USDHTG": 116.130201, "USDHUF": 388.83504, "USDIDR": 14978, "USDILS": 3.44373, "USDINR": 79.845504, "USDIQD": 1453.421439, "USDIRR": 42350.000352, "USDISK": 136.570386, "USDJMD": 151.558492, "USDJOD": 0.70904, "USDJPY": 136.17804, "USDKES": 118.153989, "USDKGS": 79.759304, "USDKHR": 4074.889868, "USDKMF": 464.625039, "USDKPW": 899.999992, "USDKRW": 1310.245039, "USDKWD": 0.307404, "USDKYD": 0.829858, "USDKZT": 480.352423, "USDLAK": 14989.623103, "USDLBP": 1505.922663, "USDLKR": 358.49535, "USDLRD": 152.503775, "USDLYD": 4.860695, "USDMAD": 10.210377, "USDMDL": 19.219285, "USDMGA": 4191.404797, "USDMKD": 60.31816, "USDMMK": 1843.760548, "USDMNT": 3144.659992, "USDMOP": 8.051493, "USDMUR": 45.482134, "USDMVR": 15.350378, "USDMWK": 1022.114537, "USDMXN": 20.54445, "USDMYR": 4.452039, "USDMZN": 63.830377, "USDNAD": 15.840377, "USDNGN": 414.720377, "USDNIO": 35.705335, "USDNOK": 9.967605, "USDNPR": 127.20607, "USDNZD": 1.598849, "USDOMR": 0.384924, "USDPAB": 0.995791, "USDPEN": 3.900734, "USDPGK": 3.553989, "USDPHP": 56.120375, "USDPKR": 227.295937, "USDPLN": 4.642516, "USDPYG": 6828.683309, "USDQAR": 3.641038, "USDRON": 4.830374, "USDRSD": 114.90651, "USDRUB": 58.125038, "USDRWF": 1028.281938, "USDSAR": 3.757158, "USDSBD": 8.159969, "USDSCR": 14.284038, "USDSDG": 456.503678, "USDSEK": 10.26527, "USDSGD": 1.387704, "USDSHP": 1.377404, "USDSLL": 13170.000339, "USDSOS": 584.503667, "USDSRD": 23.257504, "USDSYP": 2512.529433, "USDSZL": 16.854234, "USDTHB": 36.632038, "USDTJS": 9.958199, "USDTMT": 3.51, "USDTND": 3.063504, "USDTOP": 2.34725, "USDTRY": 17.741504, "USDTTD": 6.765737, "USDTWD": 29.811304, "USDTZS": 2322.251591, "USDUAH": 36.597846, "USDUGX": 3811.453744, "USDUSD": 1.000268, "USDUYU": 41.684777, "USDUZS": 10874.331865, "USDVND": 23405, "USDVUV": 118.896025, "USDWST": 2.72097, "USDXAF": 642.150759, "USDXCD": 2.70255, "USDXOF": 642.150759, "USDXPF": 113.150364, "USDYER": 250.250364, "USDZAR": 16.84092, "USDZMW": 16.406167}}