{"timestamp": 1658393943, "source": "USD", "quotes": {"USDAED": 3.67306, "USDAFN": 89.921613, "USDALL": 114.895476, "USDAMD": 418.347363, "USDANG": 1.804224, "USDAOA": 430.337506, "USDARS": 129.387451, "USDAUD": 1.455604, "USDAWG": 1.7975, "USDAZN": 1.697755, "USDBAM": 1.919956, "USDBBD": 2.021273, "USDBDT": 94.075107, "USDBGN": 1.917968, "USDBHD": 0.377058, "USDBIF": 2061.433347, "USDBMD": 1, "USDBND": 1.39457, "USDBOB": 6.872291, "USDBRL": 5.471485, "USDBSD": 1.001114, "USDBTN": 80.055168, "USDBWP": 12.752868, "USDBYN": 2.526837, "USDBZD": 2.017935, "USDCAD": 1.29069, "USDCDF": 2002.502089, "USDCHF": 0.972525, "USDCLP": 927.4603, "USDCNY": 6.768297, "USDCOP": 4356, "USDCRC": 680.783182, "USDCUP": 26.5, "USDCVE": 108.242489, "USDCZK": 24.109013, "USDDJF": 178.213642, "USDDKK": 7.30473, "USDDOP": 54.429081, "USDDZD": 146.195971, "USDEGP": 18.933798, "USDERN": 15, "USDETB": 52.650773, "USDEUR": 0.981245, "USDFJD": 2.20964, "USDFKP": 0.842337, "USDGBP": 0.837399, "USDGEL": 2.939829, "USDGHS": 8.153649, "USDGIP": 0.842337, "USDGMD": 54.090067, "USDGNF": 8683.914732, "USDGTQ": 7.745846, "USDGYD": 209.436676, "USDHKD": 7.849265, "USDHNL": 24.616532, "USDHRK": 7.376397, "USDHTG": 117.008045, "USDHUF": 394.013015, "USDIDR": 15018.75, "USDILS": 3.44678, "USDINR": 79.970502, "USDIQD": 1461.098595, "USDIRR": 42350.000306, "USDISK": 137.090209, "USDJMD": 152.179568, "USDJOD": 0.708974, "USDJPY": 138.661503, "USDKES": 118.585622, "USDKGS": 79.528596, "USDKHR": 4091.433396, "USDKMF": 464.624991, "USDKPW": 899.999992, "USDKRW": 1311.579714, "USDKWD": 0.30769, "USDKYD": 0.834078, "USDKZT": 482.18089, "USDLAK": 15056.387103, "USDLBP": 1513.8441, "USDLKR": 360.325269, "USDLRD": 152.496321, "USDLYD": 4.894642, "USDMAD": 10.258323, "USDMDL": 19.320974, "USDMGA": 4214.565142, "USDMKD": 60.370712, "USDMMK": 1853.508465, "USDMNT": 3144.659992, "USDMOP": 8.094221, "USDMUR": 45.105939, "USDMVR": 15.350515, "USDMWK": 1028.224195, "USDMXN": 20.561299, "USDMYR": 4.456977, "USDMZN": 63.829644, "USDNAD": 15.84021, "USDNGN": 415.407539, "USDNIO": 35.894038, "USDNOK": 9.97271, "USDNPR": 128.094123, "USDNZD": 1.613305, "USDOMR": 0.384511, "USDPAB": 1.001095, "USDPEN": 3.879511, "USDPGK": 3.572715, "USDPHP": 56.378977, "USDPKR": 225.494348, "USDPLN": 4.66815, "USDPYG": 6872.524333, "USDQAR": 3.641012, "USDRON": 4.847699, "USDRSD": 115.210503, "USDRUB": 55.274961, "USDRWF": 1040.126047, "USDSAR": 3.758362, "USDSBD": 8.159969, "USDSCR": 12.919435, "USDSDG": 456.508627, "USDSEK": 10.233595, "USDSGD": 1.39447, "USDSHP": 1.377397, "USDSLL": 13169.999794, "USDSOS": 584.504567, "USDSRD": 22.728502, "USDSYP": 2512.529433, "USDSZL": 17.100519, "USDTHB": 36.918501, "USDTJS": 9.885199, "USDTMT": 3.51, "USDTND": 3.063498, "USDTOP": 2.34725, "USDTRY": 17.672201, "USDTTD": 6.794523, "USDTWD": 29.919502, "USDTZS": 2333.000372, "USDUAH": 29.580579, "USDUGX": 3809.028306, "USDUSD": 1.000268, "USDUYU": 42.179041, "USDUZS": 10919.724151, "USDVND": 23415, "USDVUV": 118.896025, "USDWST": 2.72097, "USDXAF": 643.937899, "USDXCD": 2.70255, "USDXOF": 643.937899, "USDXPF": 113.149923, "USDYER": 250.249794, "USDZAR": 17.23825, "USDZMW": 16.467828}}