{"timestamp": 1656922383, "source": "USD", "quotes": {"USDAED": 3.67299, "USDAFN": 87.861117, "USDALL": 114.227938, "USDAMD": 406.227538, "USDANG": 1.804948, "USDAOA": 428.53145, "USDARS": 125.459011, "USDAUD": 1.458896, "USDAWG": 1.7975, "USDAZN": 1.701722, "USDBAM": 1.874487, "USDBBD": 2.022196, "USDBDT": 93.622327, "USDBGN": 1.876219, "USDBHD": 0.377047, "USDBIF": 2061.551732, "USDBMD": 1, "USDBND": 1.397038, "USDBOB": 6.88556, "USDBRL": 5.330701, "USDBSD": 1.001495, "USDBTN": 79.058777, "USDBWP": 12.472316, "USDBYN": 3.381811, "USDBZD": 2.018842, "USDCAD": 1.286525, "USDCDF": 2002.50163, "USDCHF": 0.95981, "USDCLP": 932.579764, "USDCNY": 6.697098, "USDCOP": 4205.05, "USDCRC": 686.887563, "USDCUP": 26.5, "USDCVE": 105.675512, "USDCZK": 23.73603, "USDDJF": 178.298288, "USDDKK": 7.13727, "USDDOP": 54.86188, "USDDZD": 146.578845, "USDEGP": 18.810297, "USDERN": 15.000001, "USDETB": 52.235964, "USDEUR": 0.95946, "USDFJD": 2.203199, "USDFKP": 0.821099, "USDGBP": 0.82549, "USDGEL": 2.939766, "USDGHS": 8.082382, "USDGIP": 0.821099, "USDGMD": 54.090139, "USDGNF": 8700.531403, "USDGTQ": 7.764392, "USDGYD": 209.539691, "USDHKD": 7.846685, "USDHNL": 24.618702, "USDHRK": 7.223895, "USDHTG": 115.122213, "USDHUF": 385.294061, "USDIDR": 14984.75, "USDILS": 3.506535, "USDINR": 79.015501, "USDIQD": 1461.802394, "USDIRR": 42350.000027, "USDISK": 133.64991, "USDJMD": 150.770263, "USDJOD": 0.70899, "USDJPY": 135.35396, "USDKES": 118.04986, "USDKGS": 79.501748, "USDKHR": 4076.130967, "USDKMF": 464.625008, "USDKPW": 899.999844, "USDKRW": 1298.310202, "USDKWD": 0.30688, "USDKYD": 0.834595, "USDKZT": 465.074155, "USDLAK": 15040.515221, "USDLBP": 1514.325281, "USDLKR": 360.552215, "USDLRD": 152.498421, "USDLYD": 4.83904, "USDMAD": 10.072358, "USDMDL": 19.179345, "USDMGA": 4083.634813, "USDMKD": 59.054967, "USDMMK": 1854.348064, "USDMNT": 3124.087599, "USDMOP": 8.095151, "USDMUR": 45.850523, "USDMVR": 15.350128, "USDMWK": 1027.979856, "USDMXN": 20.2874, "USDMYR": 4.413055, "USDMZN": 63.830204, "USDNAD": 15.839898, "USDNGN": 415.270149, "USDNIO": 35.913164, "USDNOK": 9.912901, "USDNPR": 126.488895, "USDNZD": 1.604355, "USDOMR": 0.384512, "USDPAB": 1.001505, "USDPEN": 3.834424, "USDPGK": 3.528933, "USDPHP": 55.100504, "USDPKR": 204.939766, "USDPLN": 4.50855, "USDPYG": 6854.508688, "USDQAR": 3.641003, "USDRON": 4.743896, "USDRSD": 112.574224, "USDRUB": 55.025002, "USDRWF": 1024.375518, "USDSAR": 3.7529, "USDSBD": 8.159969, "USDSCR": 13.382393, "USDSDG": 456.499831, "USDSEK": 10.32686, "USDSGD": 1.396575, "USDSHP": 1.377403, "USDSLL": 13170.000199, "USDSOS": 584.501831, "USDSRD": 22.343019, "USDSYP": 2512.53037, "USDSZL": 16.392509, "USDTHB": 35.696002, "USDTJS": 9.840143, "USDTMT": 3.51, "USDTND": 3.063498, "USDTOP": 2.344042, "USDTRY": 16.81664, "USDTTD": 6.803651, "USDTWD": 29.760297, "USDTZS": 2331.999891, "USDUAH": 29.593226, "USDUGX": 3750.802641, "USDUSD": 1, "USDUYU": 39.54099, "USDUZS": 10867.211685, "USDVND": 23335, "USDVUV": 116.210833, "USDWST": 2.644722, "USDXAF": 628.633447, "USDXCD": 2.70255, "USDXOF": 628.654534, "USDXPF": 113.149736, "USDYER": 250.249925, "USDZAR": 16.341803, "USDZMW": 16.700849}}