{"timestamp": 1660035543, "source": "USD", "quotes": {"USDAED": 3.673103, "USDAFN": 90.506795, "USDALL": 114.644557, "USDAMD": 405.891242, "USDANG": 1.802188, "USDAOA": 429.816902, "USDARS": 133.557501, "USDAUD": 1.432142, "USDAWG": 1.79875, "USDAZN": 1.700876, "USDBAM": 1.919089, "USDBBD": 2.019055, "USDBDT": 94.723616, "USDBGN": 1.912786, "USDBHD": 0.377007, "USDBIF": 2060.632818, "USDBMD": 1, "USDBND": 1.378366, "USDBOB": 6.864872, "USDBRL": 5.111598, "USDBSD": 0.999951, "USDBTN": 79.556881, "USDBWP": 12.594221, "USDBYN": 2.52458, "USDBZD": 2.015719, "USDCAD": 1.285425, "USDCDF": 2000.000129, "USDCHF": 0.952025, "USDCLP": 905.897801, "USDCNY": 6.753008, "USDCOP": 4312.24, "USDCRC": 668.027278, "USDCUP": 26.5, "USDCVE": 108.194164, "USDCZK": 23.930126, "USDDJF": 178.022647, "USDDKK": 7.26623, "USDDOP": 54.578816, "USDDZD": 144.177852, "USDEGP": 19.129798, "USDERN": 15, "USDETB": 52.657411, "USDEUR": 0.976545, "USDFJD": 2.189703, "USDFKP": 0.842337, "USDGBP": 0.82517, "USDGEL": 2.710514, "USDGHS": 8.724905, "USDGIP": 0.842337, "USDGMD": 54.206315, "USDGNF": 8646.455727, "USDGTQ": 7.734953, "USDGYD": 209.323547, "USDHKD": 7.84995, "USDHNL": 24.604818, "USDHRK": 7.332801, "USDHTG": 120.986019, "USDHUF": 385.787985, "USDIDR": 14848.1, "USDILS": 3.307505, "USDINR": 79.534595, "USDIQD": 1459.485449, "USDIRR": 42299.999972, "USDISK": 136.99976, "USDJMD": 152.577148, "USDJOD": 0.708981, "USDJPY": 134.896502, "USDKES": 119.299696, "USDKGS": 82.999627, "USDKHR": 4116.556291, "USDKMF": 482.374994, "USDKPW": 899.999992, "USDKRW": 1304.639845, "USDKWD": 0.30689, "USDKYD": 0.83335, "USDKZT": 477.10815, "USDLAK": 15217.34011, "USDLBP": 1512.157309, "USDLKR": 360.4859, "USDLRD": 153.550287, "USDLYD": 4.877151, "USDMAD": 10.297357, "USDMDL": 19.299802, "USDMGA": 4204.915861, "USDMKD": 60.369231, "USDMMK": 2101.458765, "USDMNT": 3144.659992, "USDMOP": 8.085248, "USDMUR": 44.499539, "USDMVR": 15.359736, "USDMWK": 1026.030516, "USDMXN": 20.211099, "USDMYR": 4.456046, "USDMZN": 63.830283, "USDNAD": 16.640249, "USDNGN": 417.969628, "USDNIO": 35.900908, "USDNOK": 9.693565, "USDNPR": 127.289408, "USDNZD": 1.58971, "USDOMR": 0.384517, "USDPAB": 0.999956, "USDPEN": 3.913084, "USDPGK": 3.523525, "USDPHP": 55.566001, "USDPKR": 224.295639, "USDPLN": 4.592804, "USDPYG": 6855.191632, "USDQAR": 3.640985, "USDRON": 4.789601, "USDRSD": 114.535041, "USDRUB": 60.224988, "USDRWF": 1035.931904, "USDSAR": 3.758422, "USDSBD": 8.244163, "USDSCR": 13.189828, "USDSDG": 570.000286, "USDSEK": 10.134399, "USDSGD": 1.377595, "USDSHP": 1.3774, "USDSLL": 13960.000074, "USDSOS": 580.000267, "USDSRD": 23.602012, "USDSYP": 2512.529433, "USDSZL": 16.660943, "USDTHB": 35.366503, "USDTJS": 10.210033, "USDTMT": 3.5, "USDTND": 3.136498, "USDTOP": 2.33685, "USDTRY": 17.965099, "USDTTD": 6.792295, "USDTWD": 29.968499, "USDTZS": 2331.999823, "USDUAH": 36.930776, "USDUGX": 3876.994329, "USDUYU": 40.669584, "USDUZS": 10885.893989, "USDVND": 23392, "USDVUV": 118.896025, "USDWST": 2.72097, "USDXAF": 643.631458, "USDXCD": 2.70255, "USDXOF": 643.631458, "USDXPF": 117.349794, "USDYER": 250.249961, "USDZAR": 16.58248, "USDZMW": 15.999863}}