{"timestamp": 1658566743, "source": "USD", "quotes": {"USDAED": 3.673104, "USDAFN": 90.042404, "USDALL": 114.813612, "USDAMD": 413.103986, "USDANG": 1.803657, "USDAOA": 432.01925, "USDARS": 129.706902, "USDAUD": 1.442936, "USDAWG": 1.7975, "USDAZN": 1.70397, "USDBAM": 1.924215, "USDBBD": 2.0207, "USDBDT": 94.524365, "USDBGN": 1.916714, "USDBHD": 0.376989, "USDBIF": 2061.383314, "USDBMD": 1, "USDBND": 1.391242, "USDBOB": 6.870419, "USDBRL": 5.497804, "USDBSD": 1.000758, "USDBTN": 79.898471, "USDBWP": 12.700458, "USDBYN": 2.526096, "USDBZD": 2.017316, "USDCAD": 1.29145, "USDCDF": 2002.50392, "USDCHF": 0.96923, "USDCLP": 952.430396, "USDCNY": 6.751304, "USDCOP": 4453.34, "USDCRC": 672.510564, "USDCUP": 26.5, "USDCVE": 108.481029, "USDCZK": 24.080804, "USDDJF": 177.720394, "USDDKK": 7.288465, "USDDOP": 54.412727, "USDDZD": 146.00904, "USDEGP": 18.914342, "USDERN": 15, "USDETB": 52.642904, "USDEUR": 0.97904, "USDFJD": 2.20465, "USDFKP": 0.842337, "USDGBP": 0.833021, "USDGEL": 2.940391, "USDGHS": 8.151533, "USDGIP": 0.842337, "USDGMD": 54.09039, "USDGNF": 8681.535994, "USDGTQ": 7.741075, "USDGYD": 209.379888, "USDHKD": 7.848404, "USDHNL": 24.612494, "USDHRK": 7.366204, "USDHTG": 116.708889, "USDHUF": 388.780388, "USDIDR": 14978, "USDILS": 3.44373, "USDINR": 79.87704, "USDIQD": 1460.685543, "USDIRR": 42350.000352, "USDISK": 136.570386, "USDJMD": 152.315972, "USDJOD": 0.70904, "USDJPY": 136.26804, "USDKES": 118.750385, "USDKGS": 79.759304, "USDKHR": 4095.215608, "USDKMF": 464.625039, "USDKPW": 899.999992, "USDKRW": 1310.345039, "USDKWD": 0.307404, "USDKYD": 0.834006, "USDKZT": 482.741319, "USDLAK": 15064.021526, "USDLBP": 1513.434275, "USDLKR": 360.271136, "USDLRD": 152.503775, "USDLYD": 4.884988, "USDMAD": 10.261408, "USDMDL": 19.315152, "USDMGA": 4212.33244, "USDMKD": 60.199411, "USDMMK": 1852.893508, "USDMNT": 3144.659992, "USDMOP": 8.091654, "USDMUR": 45.493268, "USDMVR": 15.350378, "USDMWK": 1027.217945, "USDMXN": 20.544604, "USDMYR": 4.452039, "USDMZN": 63.830377, "USDNAD": 15.840377, "USDNGN": 414.720377, "USDNIO": 35.884141, "USDNOK": 9.958005, "USDNPR": 127.836177, "USDNZD": 1.595918, "USDOMR": 0.384924, "USDPAB": 1.000758, "USDPEN": 3.920191, "USDPGK": 3.571717, "USDPHP": 56.300504, "USDPKR": 228.421834, "USDPLN": 4.641116, "USDPYG": 6862.711339, "USDQAR": 3.641038, "USDRON": 4.830374, "USDRSD": 114.90651, "USDRUB": 58.125038, "USDRWF": 1033.421224, "USDSAR": 3.757139, "USDSBD": 8.159969, "USDSCR": 13.510894, "USDSDG": 456.503678, "USDSEK": 10.26107, "USDSGD": 1.387965, "USDSHP": 1.377404, "USDSLL": 13170.000339, "USDSOS": 584.503667, "USDSRD": 23.257504, "USDSYP": 2512.529433, "USDSZL": 16.93822, "USDTHB": 36.456504, "USDTJS": 10.007723, "USDTMT": 3.51, "USDTND": 3.063504, "USDTOP": 2.34725, "USDTRY": 17.740704, "USDTTD": 6.799484, "USDTWD": 29.811304, "USDTZS": 2332.000336, "USDUAH": 36.780398, "USDUGX": 3830.484295, "USDUSD": 1.000268, "USDUYU": 41.892497, "USDUZS": 10928.788579, "USDVND": 23405, "USDVUV": 118.896025, "USDWST": 2.72097, "USDXAF": 645.353836, "USDXCD": 2.70255, "USDXOF": 645.366535, "USDXPF": 113.150364, "USDYER": 250.250364, "USDZAR": 16.83516, "USDZMW": 16.488083}}