{"timestamp": 1658480343, "source": "USD", "quotes": {"USDAED": 3.673025, "USDAFN": 90.17281, "USDALL": 114.525099, "USDAMD": 413.266631, "USDANG": 1.799456, "USDAOA": 430.92805, "USDARS": 129.600122, "USDAUD": 1.445765, "USDAWG": 1.7975, "USDAZN": 1.730785, "USDBAM": 1.916569, "USDBBD": 2.015944, "USDBDT": 94.302415, "USDBGN": 1.92829, "USDBHD": 0.377019, "USDBIF": 2056.226513, "USDBMD": 1, "USDBND": 1.39165, "USDBOB": 6.86442, "USDBRL": 5.499697, "USDBSD": 0.998457, "USDBTN": 79.808223, "USDBWP": 12.751709, "USDBYN": 2.520714, "USDBZD": 2.012612, "USDCAD": 1.28731, "USDCDF": 2002.497717, "USDCHF": 0.967725, "USDCLP": 928.820043, "USDCNY": 6.767102, "USDCOP": 4402.39, "USDCRC": 674.444014, "USDCUP": 26.5, "USDCVE": 108.053681, "USDCZK": 24.153499, "USDDJF": 177.752299, "USDDKK": 7.32901, "USDDOP": 54.254595, "USDDZD": 146.310546, "USDEGP": 18.913104, "USDERN": 15, "USDETB": 52.516206, "USDEUR": 0.984445, "USDFJD": 2.20465, "USDFKP": 0.842337, "USDGBP": 0.836138, "USDGEL": 2.93989, "USDGHS": 8.132549, "USDGIP": 0.842337, "USDGMD": 54.089827, "USDGNF": 8661.0647, "USDGTQ": 7.725671, "USDGYD": 208.897012, "USDHKD": 7.849651, "USDHNL": 24.555232, "USDHRK": 7.409297, "USDHTG": 116.697125, "USDHUF": 391.188972, "USDIDR": 15005.95, "USDILS": 3.44645, "USDINR": 79.874503, "USDIQD": 1457.218871, "USDIRR": 42349.999632, "USDISK": 137.31964, "USDJMD": 151.978245, "USDJOD": 0.70899, "USDJPY": 137.619802, "USDKES": 118.603818, "USDKGS": 79.679702, "USDKHR": 4083.56647, "USDKMF": 464.625006, "USDKPW": 899.999992, "USDKRW": 1312.750217, "USDKWD": 0.30763, "USDKYD": 0.832047, "USDKZT": 481.491825, "USDLAK": 15019.623407, "USDLBP": 1509.703909, "USDLKR": 362.432765, "USDLRD": 152.490979, "USDLYD": 4.871211, "USDMAD": 10.16958, "USDMDL": 19.275043, "USDMGA": 4201.817781, "USDMKD": 60.468814, "USDMMK": 1848.624317, "USDMNT": 3144.659992, "USDMOP": 8.07224, "USDMUR": 45.497267, "USDMVR": 15.350012, "USDMWK": 1025.515569, "USDMXN": 20.687101, "USDMYR": 4.45498, "USDMZN": 63.830114, "USDNAD": 15.84002, "USDNGN": 415.389581, "USDNIO": 35.797963, "USDNOK": 9.99624, "USDNPR": 127.689285, "USDNZD": 1.604125, "USDOMR": 0.385029, "USDPAB": 0.998466, "USDPEN": 3.885113, "USDPGK": 3.563306, "USDPHP": 56.224998, "USDPKR": 226.397805, "USDPLN": 4.690895, "USDPYG": 6839.921016, "USDQAR": 3.640971, "USDRON": 4.858602, "USDRSD": 115.559997, "USDRUB": 57.275013, "USDRWF": 1023.51379, "USDSAR": 3.757499, "USDSBD": 8.159969, "USDSCR": 12.91673, "USDSDG": 456.504511, "USDSEK": 10.25512, "USDSGD": 1.390705, "USDSHP": 1.377401, "USDSLL": 13169.99973, "USDSOS": 584.49917, "USDSRD": 22.883497, "USDSYP": 2512.529433, "USDSZL": 17.120851, "USDTHB": 36.724971, "USDTJS": 10.184379, "USDTMT": 3.51, "USDTND": 3.063499, "USDTOP": 2.34725, "USDTRY": 17.754497, "USDTTD": 6.783606, "USDTWD": 29.899499, "USDTZS": 2332.999892, "USDUAH": 36.694383, "USDUGX": 3819.1787, "USDUSD": 1.000268, "USDUYU": 41.946406, "USDUZS": 10882.815524, "USDVND": 23405, "USDVUV": 118.896025, "USDWST": 2.72097, "USDXAF": 642.802056, "USDXCD": 2.70255, "USDXOF": 642.802056, "USDXPF": 113.150043, "USDYER": 250.249755, "USDZAR": 17.014401, "USDZMW": 16.44956}}