{"timestamp": 1658307543, "source": "USD", "quotes": {"USDAED": 3.67302, "USDAFN": 89.286673, "USDALL": 114.208752, "USDAMD": 416.231963, "USDANG": 1.805459, "USDAOA": 430.074952, "USDARS": 129.158274, "USDAUD": 1.448199, "USDAWG": 1.7975, "USDAZN": 1.700226, "USDBAM": 1.908844, "USDBBD": 2.022711, "USDBDT": 94.14424, "USDBGN": 1.911917, "USDBHD": 0.376999, "USDBIF": 2062.807143, "USDBMD": 1, "USDBND": 1.394153, "USDBOB": 6.887367, "USDBRL": 5.414402, "USDBSD": 1.00184, "USDBTN": 80.09008, "USDBWP": 12.745763, "USDBYN": 2.528657, "USDBZD": 2.019295, "USDCAD": 1.287119, "USDCDF": 2002.492106, "USDCHF": 0.969602, "USDCLP": 1050.760567, "USDCNY": 6.750504, "USDCOP": 4317.15, "USDCRC": 684.251365, "USDCUP": 26.5, "USDCVE": 107.613931, "USDCZK": 23.915804, "USDDJF": 178.349917, "USDDKK": 7.275198, "USDDOP": 54.550956, "USDDZD": 145.533965, "USDEGP": 18.9361, "USDERN": 15, "USDETB": 52.29827, "USDEUR": 0.977385, "USDFJD": 2.201249, "USDFKP": 0.842337, "USDGBP": 0.83318, "USDGEL": 2.940366, "USDGHS": 8.14218, "USDGIP": 0.842337, "USDGMD": 54.089975, "USDGNF": 8690.029427, "USDGTQ": 7.751172, "USDGYD": 209.737316, "USDHKD": 7.84994, "USDHNL": 24.634605, "USDHRK": 7.342196, "USDHTG": 117.0975, "USDHUF": 388.152037, "USDIDR": 14976.15, "USDILS": 3.444455, "USDINR": 79.94955, "USDIQD": 1462.129678, "USDIRR": 42349.999781, "USDISK": 135.940132, "USDJMD": 151.98782, "USDJOD": 0.709024, "USDJPY": 138.256499, "USDKES": 118.498357, "USDKGS": 79.614404, "USDKHR": 4092.566113, "USDKMF": 464.625012, "USDKPW": 899.999992, "USDKRW": 1310.797324, "USDKWD": 0.307703, "USDKYD": 0.834753, "USDKZT": 480.922102, "USDLAK": 15069.855507, "USDLBP": 1514.715283, "USDLKR": 358.634121, "USDLRD": 152.500861, "USDLYD": 4.911796, "USDMAD": 10.327391, "USDMDL": 19.35976, "USDMGA": 4215.075907, "USDMKD": 60.134782, "USDMMK": 1854.833962, "USDMNT": 3144.659992, "USDMOP": 8.100018, "USDMUR": 44.707641, "USDMVR": 15.349898, "USDMWK": 1028.283794, "USDMXN": 20.53213, "USDMYR": 4.451982, "USDMZN": 63.829689, "USDNAD": 15.840373, "USDNGN": 415.39611, "USDNIO": 35.921586, "USDNOK": 9.93045, "USDNPR": 128.153899, "USDNZD": 1.602685, "USDOMR": 0.384495, "USDPAB": 1.001742, "USDPEN": 3.912201, "USDPGK": 3.575469, "USDPHP": 56.249973, "USDPKR": 221.648424, "USDPLN": 4.65145, "USDPYG": 6882.877959, "USDQAR": 3.640976, "USDRON": 4.827499, "USDRSD": 114.72497, "USDRUB": 54.725007, "USDRWF": 1026.483377, "USDSAR": 3.75935, "USDSBD": 8.159969, "USDSCR": 12.837679, "USDSDG": 456.50351, "USDSEK": 10.23223, "USDSGD": 1.392765, "USDSHP": 1.3774, "USDSLL": 13170.00006, "USDSOS": 584.4974, "USDSRD": 22.636038, "USDSYP": 2512.529433, "USDSZL": 16.991553, "USDTHB": 36.68498, "USDTJS": 10.093058, "USDTMT": 3.51, "USDTND": 3.063501, "USDTOP": 2.34675, "USDTRY": 17.589202, "USDTTD": 6.799627, "USDTWD": 29.909505, "USDTZS": 2331.99937, "USDUAH": 29.596873, "USDUGX": 3799.280705, "USDUSD": 1.000268, "USDUYU": 42.03895, "USDUZS": 10969.632496, "USDVND": 23418, "USDVUV": 118.896025, "USDWST": 2.72097, "USDXAF": 640.204762, "USDXCD": 2.70255, "USDXOF": 640.198514, "USDXPF": 113.15034, "USDYER": 250.24979, "USDZAR": 17.150398, "USDZMW": 16.454571}}