{"timestamp": 1657008843, "source": "USD", "quotes": {"USDAED": 3.67301, "USDAFN": 87.87449, "USDALL": 114.193981, "USDAMD": 406.291032, "USDANG": 1.805313, "USDAOA": 426.84175, "USDARS": 125.966793, "USDAUD": 1.468547, "USDAWG": 1.7975, "USDAZN": 1.701579, "USDBAM": 1.874496, "USDBBD": 2.022493, "USDBDT": 93.609868, "USDBGN": 1.88216, "USDBHD": 0.376927, "USDBIF": 2061.71112, "USDBMD": 1, "USDBND": 1.397622, "USDBOB": 6.89675, "USDBRL": 5.329846, "USDBSD": 1.001711, "USDBTN": 79.079347, "USDBWP": 12.381724, "USDBYN": 3.383378, "USDBZD": 2.019139, "USDCAD": 1.288235, "USDCDF": 2002.502977, "USDCHF": 0.960835, "USDCLP": 928.750222, "USDCNY": 6.699603, "USDCOP": 4205.05, "USDCRC": 688.265511, "USDCUP": 26.5, "USDCVE": 105.679564, "USDCZK": 23.879815, "USDDJF": 178.327894, "USDDKK": 7.17872, "USDDOP": 54.893354, "USDDZD": 146.463395, "USDEGP": 18.840602, "USDERN": 15.000001, "USDETB": 52.24811, "USDEUR": 0.965025, "USDFJD": 2.211501, "USDFKP": 0.821099, "USDGBP": 0.82842, "USDGEL": 2.940387, "USDGHS": 8.053671, "USDGIP": 0.821099, "USDGMD": 54.089965, "USDGNF": 8700.139924, "USDGTQ": 7.765744, "USDGYD": 209.574468, "USDHKD": 7.84705, "USDHNL": 24.622521, "USDHRK": 7.265103, "USDHTG": 115.144167, "USDHUF": 390.950989, "USDIDR": 15025.85, "USDILS": 3.52726, "USDINR": 79.124987, "USDIQD": 1461.992227, "USDIRR": 42350.000085, "USDISK": 134.640283, "USDJMD": 150.805752, "USDJOD": 0.708976, "USDJPY": 135.975002, "USDKES": 117.999783, "USDKGS": 79.503157, "USDKHR": 4081.484002, "USDKMF": 464.624977, "USDKPW": 899.999844, "USDKRW": 1306.459885, "USDKWD": 0.30701, "USDKYD": 0.834679, "USDKZT": 468.049013, "USDLAK": 15044.08664, "USDLBP": 1514.766699, "USDLKR": 359.109929, "USDLRD": 152.499662, "USDLYD": 4.845244, "USDMAD": 10.032778, "USDMDL": 19.172701, "USDMGA": 4089.828738, "USDMKD": 59.052703, "USDMMK": 1854.649799, "USDMNT": 3124.087599, "USDMOP": 8.095822, "USDMUR": 45.299286, "USDMVR": 15.350136, "USDMWK": 1028.157136, "USDMXN": 20.33988, "USDMYR": 4.418496, "USDMZN": 63.829851, "USDNAD": 15.839816, "USDNGN": 415.269963, "USDNIO": 35.915891, "USDNOK": 9.94012, "USDNPR": 126.523356, "USDNZD": 1.620285, "USDOMR": 0.384498, "USDPAB": 1.001639, "USDPEN": 3.852634, "USDPGK": 3.529547, "USDPHP": 55.251502, "USDPKR": 204.973069, "USDPLN": 4.56005, "USDPYG": 6857.482402, "USDQAR": 3.64098, "USDRON": 4.773701, "USDRSD": 113.350936, "USDRUB": 56.874983, "USDRWF": 1025.210003, "USDSAR": 3.753032, "USDSBD": 8.159969, "USDSCR": 12.861935, "USDSDG": 456.501602, "USDSEK": 10.42062, "USDSGD": 1.399255, "USDSHP": 1.377397, "USDSLL": 13170.000399, "USDSOS": 584.49611, "USDSRD": 22.316503, "USDSYP": 2512.53037, "USDSZL": 16.273145, "USDTHB": 35.791984, "USDTJS": 9.891891, "USDTMT": 3.51, "USDTND": 3.063503, "USDTOP": 2.349502, "USDTRY": 16.954699, "USDTTD": 6.801164, "USDTWD": 29.797043, "USDTZS": 2331.999879, "USDUAH": 29.597961, "USDUGX": 3756.373395, "USDUSD": 1, "USDUYU": 39.552804, "USDUZS": 10855.231505, "USDVND": 23355, "USDVUV": 116.210833, "USDWST": 2.644722, "USDXAF": 628.651521, "USDXCD": 2.70255, "USDXOF": 628.663571, "USDXPF": 113.150175, "USDYER": 250.250203, "USDZAR": 16.392902, "USDZMW": 16.602982}}