{"timestamp": 1659085143, "source": "USD", "quotes": {"USDAED": 3.67301, "USDAFN": 89.797079, "USDALL": 114.319052, "USDAMD": 402.719968, "USDANG": 1.790745, "USDAOA": 432.641801, "USDARS": 131.1212, "USDAUD": 1.429307, "USDAWG": 1.8, "USDAZN": 1.696617, "USDBAM": 1.917574, "USDBBD": 2.006246, "USDBDT": 94.113927, "USDBGN": 1.91276, "USDBHD": 0.377057, "USDBIF": 2047.251352, "USDBMD": 1, "USDBND": 1.374496, "USDBOB": 6.830629, "USDBRL": 5.184102, "USDBSD": 0.993661, "USDBTN": 79.276375, "USDBWP": 12.546195, "USDBYN": 2.507979, "USDBZD": 2.002912, "USDCAD": 1.28171, "USDCDF": 2002.50406, "USDCHF": 0.95247, "USDCLP": 908.949805, "USDCNY": 6.735596, "USDCOP": 4375.33, "USDCRC": 664.535645, "USDCUP": 26.5, "USDCVE": 108.118311, "USDCZK": 24.07098, "USDDJF": 176.895962, "USDDKK": 7.2836, "USDDOP": 54.034152, "USDDZD": 145.858012, "USDEGP": 18.91801, "USDERN": 15, "USDETB": 52.279197, "USDEUR": 0.978385, "USDFJD": 2.18775, "USDFKP": 0.842337, "USDGBP": 0.821906, "USDGEL": 2.764957, "USDGHS": 8.421099, "USDGIP": 0.842337, "USDGMD": 53.9198, "USDGNF": 8600.844229, "USDGTQ": 7.685723, "USDGYD": 207.882493, "USDHKD": 7.850005, "USDHNL": 24.445632, "USDHRK": 7.358018, "USDHTG": 120.229638, "USDHUF": 395.462023, "USDIDR": 14854.45, "USDILS": 3.39918, "USDINR": 79.252501, "USDIQD": 1450.221353, "USDIRR": 42299.999733, "USDISK": 135.510031, "USDJMD": 152.474616, "USDJOD": 0.709003, "USDJPY": 133.063502, "USDKES": 118.90327, "USDKGS": 83.070505, "USDKHR": 4071.911478, "USDKMF": 485.250023, "USDKPW": 899.999992, "USDKRW": 1301.309907, "USDKWD": 0.306681, "USDKYD": 0.827953, "USDKZT": 476.690542, "USDLAK": 14979.531605, "USDLBP": 1502.551808, "USDLKR": 362.675648, "USDLRD": 153.350271, "USDLYD": 4.857506, "USDMAD": 10.26217, "USDMDL": 19.177048, "USDMGA": 4185.791117, "USDMKD": 60.306878, "USDMMK": 1839.708785, "USDMNT": 3144.659992, "USDMOP": 8.03371, "USDMUR": 45.901832, "USDMVR": 15.350153, "USDMWK": 1019.878316, "USDMXN": 20.230606, "USDMYR": 4.450502, "USDMZN": 63.829657, "USDNAD": 16.571905, "USDNGN": 415.459736, "USDNIO": 35.67629, "USDNOK": 9.69247, "USDNPR": 126.843522, "USDNZD": 1.58724, "USDOMR": 0.38503, "USDPAB": 0.99348, "USDPEN": 3.898721, "USDPGK": 3.50115, "USDPHP": 55.180497, "USDPKR": 236.981169, "USDPLN": 4.639701, "USDPYG": 6864.045732, "USDQAR": 3.641007, "USDRON": 4.828104, "USDRSD": 114.829842, "USDRUB": 61.175007, "USDRWF": 1020.076383, "USDSAR": 3.756118, "USDSBD": 8.197272, "USDSCR": 12.996732, "USDSDG": 450.99994, "USDSEK": 10.17428, "USDSGD": 1.37913, "USDSHP": 1.377402, "USDSLL": 13920.000292, "USDSOS": 584.999895, "USDSRD": 24.197501, "USDSYP": 2512.529433, "USDSZL": 16.695609, "USDTHB": 36.206984, "USDTJS": 10.115261, "USDTMT": 3.5, "USDTND": 3.16585, "USDTOP": 2.33685, "USDTRY": 17.892797, "USDTTD": 6.748736, "USDTWD": 29.931499, "USDTZS": 2331.999905, "USDUAH": 36.645602, "USDUGX": 3852.802604, "USDUSD": 1.000268, "USDUYU": 41.419207, "USDUZS": 10837.737144, "USDVND": 23345, "USDVUV": 118.896025, "USDWST": 2.72097, "USDXAF": 643.186531, "USDXCD": 2.70255, "USDXOF": 643.180225, "USDXPF": 118.050047, "USDYER": 250.250205, "USDZAR": 16.53775, "USDZMW": 16.221068}}