{"timestamp": 1658739543, "source": "USD", "quotes": {"USDAED": 3.673015, "USDAFN": 89.872193, "USDALL": 114.602207, "USDAMD": 410.274037, "USDANG": 1.800345, "USDAOA": 432.01925, "USDARS": 129.745598, "USDAUD": 1.441085, "USDAWG": 1.7975, "USDAZN": 1.697209, "USDBAM": 1.920634, "USDBBD": 2.016979, "USDBDT": 94.348464, "USDBGN": 1.91718, "USDBHD": 0.376961, "USDBIF": 2057.506764, "USDBMD": 1, "USDBND": 1.388667, "USDBOB": 6.857701, "USDBRL": 5.4995, "USDBSD": 0.998915, "USDBTN": 79.754099, "USDBWP": 12.676948, "USDBYN": 2.52147, "USDBZD": 2.013562, "USDCAD": 1.289455, "USDCDF": 2002.501128, "USDCHF": 0.963345, "USDCLP": 952.430162, "USDCNY": 6.75199, "USDCOP": 4465, "USDCRC": 671.255812, "USDCUP": 26.5, "USDCVE": 108.280755, "USDCZK": 23.986038, "USDDJF": 177.834735, "USDDKK": 7.279661, "USDDOP": 54.310671, "USDDZD": 145.973978, "USDEGP": 18.955975, "USDERN": 15, "USDETB": 52.543391, "USDEUR": 0.977905, "USDFJD": 2.196901, "USDFKP": 0.842337, "USDGBP": 0.83149, "USDGEL": 2.94025, "USDGHS": 8.136284, "USDGIP": 0.842337, "USDGMD": 54.089884, "USDGNF": 8665.29512, "USDGTQ": 7.726936, "USDGYD": 208.992306, "USDHKD": 7.849375, "USDHNL": 24.566331, "USDHRK": 7.357899, "USDHTG": 116.493423, "USDHUF": 387.77702, "USDIDR": 14987.05, "USDILS": 3.435045, "USDINR": 79.729899, "USDIQD": 1457.938694, "USDIRR": 42349.999625, "USDISK": 136.440007, "USDJMD": 152.032524, "USDJOD": 0.709017, "USDJPY": 136.417982, "USDKES": 118.701224, "USDKGS": 79.759299, "USDKHR": 4087.634966, "USDKMF": 464.624995, "USDKPW": 899.999992, "USDKRW": 1311.389709, "USDKWD": 0.30714, "USDKYD": 0.832454, "USDKZT": 481.854829, "USDLAK": 15036.949381, "USDLBP": 1510.662431, "USDLKR": 359.620153, "USDLRD": 152.499925, "USDLYD": 4.875946, "USDMAD": 10.242312, "USDMDL": 19.279776, "USDMGA": 4204.55561, "USDMKD": 60.421672, "USDMMK": 1849.54547, "USDMNT": 3144.659992, "USDMOP": 8.076517, "USDMUR": 44.900596, "USDMVR": 15.350125, "USDMWK": 1025.32149, "USDMXN": 20.466404, "USDMYR": 4.454978, "USDMZN": 63.829876, "USDNAD": 15.839761, "USDNGN": 425.497745, "USDNIO": 35.817011, "USDNOK": 9.89739, "USDNPR": 127.601428, "USDNZD": 1.59863, "USDOMR": 0.38503, "USDPAB": 0.998895, "USDPEN": 3.912896, "USDPGK": 3.565035, "USDPHP": 55.956964, "USDPKR": 228.009094, "USDPLN": 4.61425, "USDPYG": 6850.108759, "USDQAR": 3.641059, "USDRON": 4.820805, "USDRSD": 114.825001, "USDRUB": 57.875023, "USDRWF": 1031.508242, "USDSAR": 3.757825, "USDSBD": 8.159969, "USDSCR": 13.147973, "USDSDG": 456.565629, "USDSEK": 10.16813, "USDSGD": 1.385215, "USDSHP": 1.377403, "USDSLL": 13170.000272, "USDSOS": 584.498032, "USDSRD": 23.257496, "USDSYP": 2512.529433, "USDSZL": 16.907115, "USDTHB": 36.663991, "USDTJS": 9.989934, "USDTMT": 3.51, "USDTND": 3.063503, "USDTOP": 2.34345, "USDTRY": 17.833695, "USDTTD": 6.786965, "USDTWD": 29.907202, "USDTZS": 2332.000122, "USDUAH": 36.712674, "USDUGX": 3823.374889, "USDUSD": 1.000268, "USDUYU": 41.817619, "USDUZS": 10908.236565, "USDVND": 23393, "USDVUV": 118.896025, "USDWST": 2.72097, "USDXAF": 644.16555, "USDXCD": 2.70255, "USDXOF": 644.16555, "USDXPF": 113.149982, "USDYER": 250.250029, "USDZAR": 16.742102, "USDZMW": 16.457643}}