{"timestamp": 1657094316, "source": "USD", "quotes": {"USDAED": 3.673101, "USDAFN": 88.011415, "USDALL": 115.763331, "USDAMD": 409.247192, "USDANG": 1.80784, "USDAOA": 427.54245, "USDARS": 126.186947, "USDAUD": 1.467315, "USDAWG": 1.7975, "USDAZN": 1.697192, "USDBAM": 1.904986, "USDBBD": 2.02542, "USDBDT": 93.772706, "USDBGN": 1.906001, "USDBHD": 0.376958, "USDBIF": 2064.917672, "USDBMD": 1, "USDBND": 1.406858, "USDBOB": 6.907021, "USDBRL": 5.386595, "USDBSD": 1.003165, "USDBTN": 79.358898, "USDBWP": 12.492428, "USDBYN": 3.388167, "USDBZD": 2.022011, "USDCAD": 1.301785, "USDCDF": 2002.505074, "USDCHF": 0.96918, "USDCLP": 953.296955, "USDCNY": 6.703897, "USDCOP": 4254.76, "USDCRC": 689.305873, "USDCUP": 26.5, "USDCVE": 107.399579, "USDCZK": 24.130987, "USDDJF": 178.582907, "USDDKK": 7.25163, "USDDOP": 54.904864, "USDDZD": 146.638203, "USDEGP": 18.859895, "USDERN": 15.000001, "USDETB": 52.331241, "USDEUR": 0.974535, "USDFJD": 2.215398, "USDFKP": 0.821099, "USDGBP": 0.83481, "USDGEL": 2.939725, "USDGHS": 8.065707, "USDGIP": 0.821099, "USDGMD": 54.090062, "USDGNF": 8713.188563, "USDGTQ": 7.777226, "USDGYD": 209.878347, "USDHKD": 7.84697, "USDHNL": 24.659949, "USDHRK": 7.332302, "USDHTG": 116.133965, "USDHUF": 397.704994, "USDIDR": 14998.95, "USDILS": 3.509645, "USDINR": 79.260803, "USDIQD": 1464.18553, "USDIRR": 42349.999868, "USDISK": 135.180078, "USDJMD": 151.034144, "USDJOD": 0.709012, "USDJPY": 135.639499, "USDKES": 118.050359, "USDKGS": 79.487821, "USDKHR": 4085.965997, "USDKMF": 464.624996, "USDKPW": 899.999844, "USDKRW": 1303.850056, "USDKWD": 0.30726, "USDKYD": 0.835996, "USDKZT": 467.351073, "USDLAK": 15065.49793, "USDLBP": 1516.922328, "USDLKR": 359.645362, "USDLRD": 152.499676, "USDLYD": 4.850353, "USDMAD": 10.129739, "USDMDL": 19.209837, "USDMGA": 4097.774531, "USDMKD": 60.013246, "USDMMK": 1857.288532, "USDMNT": 3124.087599, "USDMOP": 8.107979, "USDMUR": 45.496145, "USDMVR": 15.349892, "USDMWK": 1029.649866, "USDMXN": 20.57898, "USDMYR": 4.42101, "USDMZN": 63.830051, "USDNAD": 15.839882, "USDNGN": 415.291317, "USDNIO": 35.969163, "USDNOK": 10.02722, "USDNPR": 126.972733, "USDNZD": 1.618555, "USDOMR": 0.385089, "USDPAB": 1.003136, "USDPEN": 3.841374, "USDPGK": 3.580261, "USDPHP": 55.657502, "USDPKR": 207.020209, "USDPLN": 4.64118, "USDPYG": 6875.578281, "USDQAR": 3.640991, "USDRON": 4.818696, "USDRSD": 114.414906, "USDRUB": 66.495747, "USDRWF": 1033.718042, "USDSAR": 3.754105, "USDSBD": 8.159969, "USDSCR": 12.92183, "USDSDG": 456.494475, "USDSEK": 10.49178, "USDSGD": 1.40176, "USDSHP": 1.377401, "USDSLL": 13170.00011, "USDSOS": 584.501776, "USDSRD": 22.316503, "USDSYP": 2512.53037, "USDSZL": 16.471293, "USDTHB": 36.0245, "USDTJS": 10.488472, "USDTMT": 3.51, "USDTND": 3.063498, "USDTOP": 2.357798, "USDTRY": 17.177197, "USDTTD": 6.811275, "USDTWD": 29.822029, "USDTZS": 2331.999662, "USDUAH": 29.636036, "USDUGX": 3726.830884, "USDUSD": 1, "USDUYU": 39.612331, "USDUZS": 10894.835781, "USDVND": 23363, "USDVUV": 116.210833, "USDWST": 2.644722, "USDXAF": 638.8673, "USDXCD": 2.70255, "USDXOF": 638.8673, "USDXPF": 113.149876, "USDYER": 250.249907, "USDZAR": 16.60475, "USDZMW": 16.626832}}