{"timestamp": 1661245143, "source": "USD", "quotes": {"USDAED": 3.67301, "USDAFN": 88.857588, "USDALL": 117.893254, "USDAMD": 404.949947, "USDANG": 1.814981, "USDAOA": 429.28555, "USDARS": 136.638101, "USDAUD": 1.452728, "USDAWG": 1.805, "USDAZN": 1.70141, "USDBAM": 1.967725, "USDBBD": 2.032993, "USDBDT": 95.697592, "USDBGN": 1.971655, "USDBHD": 0.376998, "USDBIF": 2076.48272, "USDBMD": 1, "USDBND": 1.405403, "USDBOB": 6.958866, "USDBRL": 5.158105, "USDBSD": 1.007093, "USDBTN": 80.416419, "USDBWP": 12.894814, "USDBYN": 2.540965, "USDBZD": 2.029573, "USDCAD": 1.30164, "USDCDF": 2000.999958, "USDCHF": 0.966498, "USDCLP": 937.999889, "USDCNY": 6.848398, "USDCOP": 4400.32, "USDCRC": 656.682932, "USDCUP": 26.5, "USDCVE": 110.936164, "USDCZK": 24.834002, "USDDJF": 179.284672, "USDDKK": 7.489199, "USDDOP": 54.180794, "USDDZD": 141.491017, "USDEGP": 19.154098, "USDERN": 15, "USDETB": 53.102168, "USDEUR": 1.00675, "USDFJD": 2.211, "USDFKP": 0.823605, "USDGBP": 0.84925, "USDGEL": 2.789877, "USDGHS": 9.909653, "USDGIP": 0.823605, "USDGMD": 54.42496, "USDGNF": 8688.565823, "USDGTQ": 7.792344, "USDGYD": 210.694703, "USDHKD": 7.846935, "USDHNL": 24.775894, "USDHRK": 7.5587, "USDHTG": 132.935258, "USDHUF": 413.689771, "USDIDR": 14836.55, "USDILS": 3.27587, "USDINR": 79.854199, "USDIQD": 1469.556908, "USDIRR": 42350.000082, "USDISK": 141.097237, "USDJMD": 152.003622, "USDJOD": 0.708977, "USDJPY": 137.212035, "USDKES": 119.896659, "USDKGS": 80.749837, "USDKHR": 4131.596157, "USDKMF": 493.950094, "USDKPW": 900.00035, "USDKRW": 1340.820142, "USDKWD": 0.30778, "USDKYD": 0.839109, "USDKZT": 477.010511, "USDLAK": 15362.973394, "USDLBP": 1522.406076, "USDLKR": 362.477091, "USDLRD": 153.649851, "USDLYD": 4.917451, "USDMAD": 10.533374, "USDMDL": 19.412664, "USDMGA": 4153.709945, "USDMKD": 61.989728, "USDMMK": 2114.874189, "USDMNT": 3194.961563, "USDMOP": 8.136398, "USDMUR": 44.151243, "USDMVR": 15.349706, "USDMWK": 1036.439459, "USDMXN": 20.06426, "USDMYR": 4.488501, "USDMZN": 63.829881, "USDNAD": 16.989635, "USDNGN": 425.496786, "USDNIO": 36.19498, "USDNOK": 9.78577, "USDNPR": 128.666432, "USDNZD": 1.616745, "USDOMR": 0.384508, "USDPAB": 1.007088, "USDPEN": 3.892329, "USDPGK": 3.548569, "USDPHP": 56.0585, "USDPKR": 217.655818, "USDPLN": 4.80294, "USDPYG": 6930.328487, "USDQAR": 3.641045, "USDRON": 4.9196, "USDRSD": 118.195015, "USDRUB": 59.725012, "USDRWF": 1039.307812, "USDSAR": 3.755347, "USDSBD": 8.220417, "USDSCR": 13.204146, "USDSDG": 570.000338, "USDSEK": 10.685195, "USDSGD": 1.395915, "USDSHP": 1.377397, "USDSLL": 13994.999742, "USDSOS": 571.493234, "USDSRD": 24.474963, "USDSYP": 2512.53037, "USDSZL": 17.152674, "USDTHB": 36.133991, "USDTJS": 10.297399, "USDTMT": 3.51, "USDTND": 3.185499, "USDTOP": 2.353899, "USDTRY": 18.12553, "USDTTD": 6.829855, "USDTWD": 30.191797, "USDTZS": 2331.999977, "USDUAH": 37.194024, "USDUGX": 3883.293928, "USDUYU": 40.811912, "USDUZS": 10977.921536, "USDVND": 23432, "USDVUV": 116.056079, "USDWST": 2.66746, "USDXAF": 659.949696, "USDXCD": 2.70255, "USDXOF": 659.949696, "USDXPF": 120.324993, "USDYER": 250.25004, "USDZAR": 17.03565, "USDZMW": 16.246039}}