{"timestamp": 1659257944, "source": "USD", "quotes": {"USDAED": 3.673104, "USDAFN": 90.000368, "USDALL": 114.375041, "USDAMD": 407.710403, "USDANG": 1.804927, "USDAOA": 433.264041, "USDARS": 131.20577, "USDAUD": 1.431146, "USDAWG": 1.8, "USDAZN": 1.70397, "USDBAM": 1.912624, "USDBBD": 2.02212, "USDBDT": 94.816691, "USDBGN": 1.91434, "USDBHD": 0.376822, "USDBIF": 2041, "USDBMD": 1, "USDBND": 1.380808, "USDBOB": 6.895334, "USDBRL": 5.172804, "USDBSD": 1.001477, "USDBTN": 79.341965, "USDBWP": 12.518703, "USDBYN": 2.528384, "USDBZD": 2.018698, "USDCAD": 1.280855, "USDCDF": 2000.000362, "USDCHF": 0.952181, "USDCLP": 902.480396, "USDCNY": 6.744204, "USDCOP": 4289.67, "USDCRC": 669.789456, "USDCUP": 26.5, "USDCVE": 104.350394, "USDCZK": 24.074104, "USDDJF": 177.720394, "USDDKK": 7.27915, "USDDOP": 54.603886, "USDDZD": 145.846455, "USDEGP": 18.910513, "USDERN": 15, "USDETB": 52.150392, "USDEUR": 0.97795, "USDFJD": 2.18875, "USDFKP": 0.842337, "USDGBP": 0.821355, "USDGEL": 2.850391, "USDGHS": 7.85039, "USDGIP": 0.842337, "USDGMD": 53.85039, "USDGNF": 8800.000355, "USDGTQ": 7.749049, "USDGYD": 209.52679, "USDHKD": 7.85017, "USDHNL": 24.560389, "USDHRK": 7.368304, "USDHTG": 117.175016, "USDHUF": 395.340388, "USDIDR": 14815.4, "USDILS": 3.409055, "USDINR": 79.19504, "USDIQD": 1460, "USDIRR": 42300.000352, "USDISK": 135.640386, "USDJMD": 153.775218, "USDJOD": 0.70904, "USDJPY": 133.24504, "USDKES": 118.950385, "USDKGS": 83.17404, "USDKHR": 4083.000351, "USDKMF": 464.625039, "USDKPW": 899.999992, "USDKRW": 1303.280384, "USDKWD": 0.30695, "USDKYD": 0.834548, "USDKZT": 477.874808, "USDLAK": 14875.000349, "USDLBP": 1518.000349, "USDLKR": 358.525118, "USDLRD": 152.750382, "USDLYD": 4.865039, "USDMAD": 10.303504, "USDMDL": 19.338933, "USDMGA": 4165.000347, "USDMKD": 60.253865, "USDMMK": 1854.270235, "USDMNT": 3144.659992, "USDMOP": 8.097497, "USDMUR": 45.525672, "USDMVR": 15.403741, "USDMWK": 1020.000345, "USDMXN": 20.36785, "USDMYR": 4.450504, "USDMZN": 63.830377, "USDNAD": 15.840377, "USDNGN": 415.870377, "USDNIO": 35.850377, "USDNOK": 9.65905, "USDNPR": 126.947261, "USDNZD": 1.613781, "USDOMR": 0.384841, "USDPAB": 1.001477, "USDPEN": 3.933504, "USDPGK": 3.525039, "USDPHP": 55.355504, "USDPKR": 207.103704, "USDPLN": 4.634773, "USDPYG": 6905.895814, "USDQAR": 3.641038, "USDRON": 4.820104, "USDRSD": 114.765038, "USDRUB": 62.250373, "USDRWF": 1029, "USDSAR": 3.756119, "USDSBD": 8.21038, "USDSCR": 13.417437, "USDSDG": 456.503678, "USDSEK": 10.056804, "USDSGD": 1.38065, "USDSHP": 1.377404, "USDSLL": 13170.000339, "USDSOS": 585.000338, "USDSRD": 24.221038, "USDSYP": 2512.529433, "USDSZL": 16.578804, "USDTHB": 36.33037, "USDTJS": 10.190203, "USDTMT": 3.5, "USDTND": 3.134504, "USDTOP": 2.33685, "USDTRY": 17.914804, "USDTTD": 6.80214, "USDTWD": 30.012038, "USDTZS": 2330.000336, "USDUAH": 36.967602, "USDUGX": 3865.772206, "USDUSD": 1.000268, "USDUYU": 41.592427, "USDUZS": 10935.000335, "USDVND": 23340, "USDVUV": 118.896025, "USDWST": 2.72097, "USDXAF": 641.460004, "USDXCD": 2.70255, "USDXOF": 643.000332, "USDXPF": 113.150364, "USDYER": 250.150364, "USDZAR": 16.463725, "USDZMW": 16.361983}}