{"timestamp": 1659344343, "source": "USD", "quotes": {"USDAED": 3.67301, "USDAFN": 89.884452, "USDALL": 114.207722, "USDAMD": 407.216797, "USDANG": 1.805792, "USDAOA": 433.263998, "USDARS": 131.250817, "USDAUD": 1.42297, "USDAWG": 1.8, "USDAZN": 1.700056, "USDBAM": 1.913616, "USDBBD": 2.023169, "USDBDT": 94.865859, "USDBGN": 1.91151, "USDBHD": 0.377033, "USDBIF": 2064.465947, "USDBMD": 1, "USDBND": 1.381483, "USDBOB": 6.898944, "USDBRL": 5.175948, "USDBSD": 1.001962, "USDBTN": 79.383109, "USDBWP": 12.524827, "USDBYN": 2.529695, "USDBZD": 2.019744, "USDCAD": 1.278465, "USDCDF": 1999.999997, "USDCHF": 0.949927, "USDCLP": 901.091069, "USDCNY": 6.754296, "USDCOP": 4287, "USDCRC": 670.117113, "USDCUP": 26.5, "USDCVE": 107.884528, "USDCZK": 24.024603, "USDDJF": 178.382213, "USDDKK": 7.25864, "USDDOP": 54.488352, "USDDZD": 145.67699, "USDEGP": 18.960402, "USDERN": 15, "USDETB": 52.722754, "USDEUR": 0.975015, "USDFJD": 2.1816, "USDFKP": 0.842337, "USDGBP": 0.81776, "USDGEL": 2.850379, "USDGHS": 8.466976, "USDGIP": 0.842337, "USDGMD": 53.850032, "USDGNF": 8670.175816, "USDGTQ": 7.753067, "USDGYD": 209.634417, "USDHKD": 7.849955, "USDHNL": 24.651449, "USDHRK": 7.330202, "USDHTG": 117.232338, "USDHUF": 393.174994, "USDIDR": 14870.45, "USDILS": 3.382545, "USDINR": 79.055036, "USDIQD": 1462.309837, "USDIRR": 42300.000111, "USDISK": 135.279652, "USDJMD": 153.850444, "USDJOD": 0.708987, "USDJPY": 132.376499, "USDKES": 118.850258, "USDKGS": 83.174021, "USDKHR": 4106.096332, "USDKMF": 464.625043, "USDKPW": 899.999992, "USDKRW": 1301.850035, "USDKWD": 0.30659, "USDKYD": 0.83498, "USDKZT": 478.122615, "USDLAK": 15135.412794, "USDLBP": 1515.077393, "USDLKR": 358.711035, "USDLRD": 152.750386, "USDLYD": 4.876479, "USDMAD": 10.29925, "USDMDL": 19.348962, "USDMGA": 4218.091273, "USDMKD": 60.26801, "USDMMK": 1855.168257, "USDMNT": 3144.659992, "USDMOP": 8.101775, "USDMUR": 45.349262, "USDMVR": 15.395189, "USDMWK": 1029.140006, "USDMXN": 20.31562, "USDMYR": 4.452975, "USDMZN": 63.829699, "USDNAD": 15.839966, "USDNGN": 415.869913, "USDNIO": 35.976284, "USDNOK": 9.67472, "USDNPR": 127.009363, "USDNZD": 1.58149, "USDOMR": 0.38501, "USDPAB": 1.002001, "USDPEN": 3.930885, "USDPGK": 3.531294, "USDPHP": 55.444501, "USDPKR": 239.225407, "USDPLN": 4.628041, "USDPYG": 6909.375535, "USDQAR": 3.641004, "USDRON": 4.808402, "USDRSD": 114.430397, "USDRUB": 62.324989, "USDRWF": 1036.215542, "USDSAR": 3.755973, "USDSBD": 8.21038, "USDSCR": 13.210777, "USDSDG": 456.49298, "USDSEK": 10.142625, "USDSGD": 1.377325, "USDSHP": 1.377399, "USDSLL": 13170.00006, "USDSOS": 584.999865, "USDSRD": 24.220977, "USDSYP": 2512.529433, "USDSZL": 16.517315, "USDTHB": 36.033496, "USDTJS": 10.195488, "USDTMT": 3.5, "USDTND": 3.134503, "USDTOP": 2.3363, "USDTRY": 17.95171, "USDTTD": 6.805667, "USDTWD": 29.993502, "USDTZS": 2331.999942, "USDUAH": 36.985324, "USDUGX": 3867.757921, "USDUSD": 1.000268, "USDUYU": 41.613995, "USDUZS": 10934.251079, "USDVND": 23357, "USDVUV": 118.896025, "USDWST": 2.72097, "USDXAF": 641.789497, "USDXCD": 2.70255, "USDXOF": 641.776939, "USDXPF": 113.149842, "USDYER": 250.149846, "USDZAR": 16.490395, "USDZMW": 16.370467}}