{"timestamp": 1658048343, "source": "USD", "quotes": {"USDAED": 3.673104, "USDAFN": 87.851117, "USDALL": 116.129032, "USDAMD": 412.933002, "USDANG": 1.799305, "USDAOA": 431.915041, "USDARS": 127.799206, "USDAUD": 1.471887, "USDAWG": 1.7975, "USDAZN": 1.70397, "USDBAM": 1.94127, "USDBBD": 2.015881, "USDBDT": 93.798908, "USDBGN": 1.940902, "USDBHD": 0.377469, "USDBIF": 2055.414392, "USDBMD": 1, "USDBND": 1.400199, "USDBOB": 6.863921, "USDBRL": 5.409904, "USDBSD": 0.998412, "USDBTN": 79.693201, "USDBWP": 12.783524, "USDBYN": 2.520398, "USDBZD": 2.012506, "USDCAD": 1.303585, "USDCDF": 2002.50392, "USDCHF": 0.976929, "USDCLP": 1050.750396, "USDCNY": 6.757404, "USDCOP": 4484.764268, "USDCRC": 681.885856, "USDCUP": 26.5, "USDCVE": 109.444169, "USDCZK": 24.28804, "USDDJF": 177.736973, "USDDKK": 7.37804, "USDDOP": 54.502233, "USDDZD": 147.359801, "USDEGP": 18.906203, "USDERN": 15, "USDETB": 52.110571, "USDEUR": 0.99138, "USDFJD": 2.23025, "USDFKP": 0.842337, "USDGBP": 0.843562, "USDGEL": 2.940391, "USDGHS": 8.11196, "USDGIP": 0.842337, "USDGMD": 54.09039, "USDGNF": 8660.545906, "USDGTQ": 7.727543, "USDGYD": 208.883375, "USDHKD": 7.850055, "USDHNL": 24.544913, "USDHRK": 7.443604, "USDHTG": 115.691315, "USDHUF": 397.44504, "USDIDR": 14996.35, "USDILS": 3.46459, "USDINR": 79.785504, "USDIQD": 1457.151365, "USDIRR": 42350.000352, "USDISK": 137.720386, "USDJMD": 151.461042, "USDJOD": 0.70904, "USDJPY": 138.531504, "USDKES": 118.209628, "USDKGS": 80.969404, "USDKHR": 4078.411911, "USDKMF": 464.625039, "USDKPW": 899.999992, "USDKRW": 1319.00035, "USDKWD": 0.308039, "USDKYD": 0.83206, "USDKZT": 481.280397, "USDLAK": 15009.330025, "USDLBP": 1509.578164, "USDLKR": 359.42134, "USDLRD": 152.503775, "USDLYD": 4.865707, "USDMAD": 10.421935, "USDMDL": 19.288933, "USDMGA": 4203.73201, "USDMKD": 61.156328, "USDMMK": 1848.522978, "USDMNT": 3144.659992, "USDMOP": 8.072457, "USDMUR": 45.210918, "USDMVR": 15.350378, "USDMWK": 1024.755335, "USDMXN": 20.53395, "USDMYR": 4.449039, "USDMZN": 63.830377, "USDNAD": 15.840377, "USDNGN": 415.403727, "USDNIO": 35.797519, "USDNOK": 10.171704, "USDNPR": 127.508685, "USDNZD": 1.622982, "USDOMR": 0.385558, "USDPAB": 0.998412, "USDPEN": 3.899156, "USDPGK": 3.563176, "USDPHP": 56.290375, "USDPKR": 210.411117, "USDPLN": 4.74005, "USDPYG": 6848.833747, "USDQAR": 3.641038, "USDRON": 4.896504, "USDRSD": 116.451613, "USDRUB": 57.000341, "USDRWF": 1029.796526, "USDSAR": 3.754877, "USDSBD": 8.159969, "USDSCR": 13.169231, "USDSDG": 456.503678, "USDSEK": 10.49005, "USDSGD": 1.399565, "USDSHP": 1.377404, "USDSLL": 13170.000339, "USDSOS": 584.503667, "USDSRD": 22.507504, "USDSYP": 2512.529433, "USDSZL": 17.152854, "USDTHB": 36.612038, "USDTJS": 10.283474, "USDTMT": 3.51, "USDTND": 3.063504, "USDTOP": 2.36505, "USDTRY": 17.403642, "USDTTD": 6.781439, "USDTWD": 29.924038, "USDTZS": 2328.248139, "USDUAH": 29.500943, "USDUGX": 3763.970223, "USDUSD": 1.000268, "USDUYU": 41.024318, "USDUZS": 10932.684864, "USDVND": 23455, "USDVUV": 118.896025, "USDWST": 2.72097, "USDXAF": 651.073945, "USDXCD": 2.70255, "USDXOF": 651.073945, "USDXPF": 113.150364, "USDYER": 250.250364, "USDZAR": 17.09178, "USDZMW": 16.39861}}