{"timestamp": 1664670543, "source": "USD", "quotes": {"USDAED": 3.67302, "USDAFN": 88.503991, "USDALL": 118.950403, "USDAMD": 405.650403, "USDANG": 1.803199, "USDAOA": 433.405504, "USDARS": 147.301442, "USDAUD": 1.561524, "USDAWG": 1.8, "USDAZN": 1.70397, "USDBAM": 2.004612, "USDBBD": 2.020181, "USDBDT": 101.3498, "USDBGN": 1.996186, "USDBHD": 0.377274, "USDBIF": 2048, "USDBMD": 1, "USDBND": 1.436097, "USDBOB": 6.913041, "USDBRL": 5.412471, "USDBSD": 1.000559, "USDBTN": 81.484575, "USDBWP": 13.331523, "USDBYN": 2.525366, "USDBZD": 2.016799, "USDCAD": 1.38327, "USDCDF": 2045.000362, "USDCHF": 0.9887, "USDCLP": 968.010396, "USDCNY": 7.116041, "USDCOP": 4610.01, "USDCRC": 627.742388, "USDCUP": 26.5, "USDCVE": 113.00036, "USDCZK": 25.082904, "USDDJF": 177.720394, "USDDKK": 7.58765, "USDDOP": 53.603886, "USDDZD": 140.82404, "USDEGP": 19.538049, "USDERN": 15, "USDETB": 52.603876, "USDEUR": 1.01991, "USDFJD": 2.31005, "USDFKP": 0.864596, "USDGBP": 0.896861, "USDGEL": 2.82504, "USDGHS": 10.45039, "USDGIP": 0.864596, "USDGMD": 55.403853, "USDGNF": 8755.000355, "USDGTQ": 7.880757, "USDGYD": 209.326043, "USDHKD": 7.84985, "USDHNL": 24.760389, "USDHRK": 7.673704, "USDHTG": 121.065336, "USDHUF": 431.57404, "USDIDR": 15303.7, "USDILS": 3.55854, "USDINR": 81.638404, "USDIQD": 1460, "USDIRR": 42350.000352, "USDISK": 144.160386, "USDJMD": 152.147019, "USDJOD": 0.70904, "USDJPY": 144.73904, "USDKES": 120.850385, "USDKGS": 80.177104, "USDKHR": 4130.000351, "USDKMF": 501.450384, "USDKPW": 900.000045, "USDKRW": 1440.230384, "USDKWD": 0.30996, "USDKYD": 0.833799, "USDKZT": 476.391067, "USDLAK": 16525.000349, "USDLBP": 1516.943278, "USDLKR": 365.661184, "USDLRD": 153.803775, "USDLYD": 5.055039, "USDMAD": 10.953039, "USDMDL": 19.509583, "USDMGA": 4197.000347, "USDMKD": 63.136592, "USDMMK": 2100.925647, "USDMNT": 3224.442056, "USDMOP": 8.089474, "USDMUR": 45.746233, "USDMVR": 15.450378, "USDMWK": 1026.000345, "USDMXN": 20.14615, "USDMYR": 4.637039, "USDMZN": 63.830377, "USDNAD": 18.080377, "USDNGN": 432.370377, "USDNIO": 36.000344, "USDNOK": 10.886065, "USDNPR": 130.368435, "USDNZD": 1.789395, "USDOMR": 0.384966, "USDPAB": 1.000559, "USDPEN": 3.981504, "USDPGK": 3.520375, "USDPHP": 58.801504, "USDPKR": 228.103704, "USDPLN": 4.951725, "USDPYG": 7072.610812, "USDQAR": 3.641038, "USDRON": 5.05312, "USDRSD": 119.710373, "USDRUB": 60.20369, "USDRWF": 1041.5, "USDSAR": 3.756801, "USDSBD": 8.150095, "USDSCR": 13.055632, "USDSDG": 578.503678, "USDSEK": 11.082965, "USDSGD": 1.431985, "USDSHP": 1.377404, "USDSLL": 15495.000339, "USDSOS": 568.503667, "USDSRD": 28.589504, "USDSYP": 2512.530318, "USDSZL": 18.08037, "USDTHB": 37.803038, "USDTJS": 9.829966, "USDTMT": 3.51, "USDTND": 3.269038, "USDTOP": 2.427104, "USDTRY": 18.502038, "USDTTD": 6.797382, "USDTWD": 31.817604, "USDTZS": 2330.000336, "USDUAH": 36.950292, "USDUGX": 3852.926104, "USDUYU": 41.368178, "USDUZS": 11015.000335, "USDVND": 23865, "USDVUV": 118.961877, "USDWST": 2.725578, "USDXAF": 672.293738, "USDXCD": 2.70255, "USDXOF": 582.000332, "USDXPF": 66.925037, "USDYER": 250.250364, "USDZAR": 18.09104, "USDZMW": 15.783448}}