{"timestamp": 1658134743, "source": "USD", "quotes": {"USDAED": 3.673065, "USDAFN": 87.700959, "USDALL": 115.939157, "USDAMD": 412.219035, "USDANG": 1.796248, "USDAOA": 431.915028, "USDARS": 128.236949, "USDAUD": 1.463668, "USDAWG": 1.7975, "USDAZN": 1.70327, "USDBAM": 1.937933, "USDBBD": 2.012585, "USDBDT": 93.637656, "USDBGN": 1.932301, "USDBHD": 0.376928, "USDBIF": 2051.88088, "USDBMD": 1, "USDBND": 1.397791, "USDBOB": 6.852121, "USDBRL": 5.409897, "USDBSD": 0.996779, "USDBTN": 79.55541, "USDBWP": 12.761674, "USDBYN": 2.515693, "USDBZD": 2.009066, "USDCAD": 1.29844, "USDCDF": 2002.501624, "USDCHF": 0.974305, "USDCLP": 1050.759882, "USDCNY": 6.744594, "USDCOP": 4359, "USDCRC": 680.720355, "USDCUP": 26.5, "USDCVE": 109.254938, "USDCZK": 24.216038, "USDDJF": 177.446366, "USDDKK": 7.347399, "USDDOP": 54.409076, "USDDZD": 147.150541, "USDEGP": 18.900297, "USDERN": 15, "USDETB": 52.021502, "USDEUR": 0.987175, "USDFJD": 2.215898, "USDFKP": 0.842337, "USDGBP": 0.83714, "USDGEL": 2.939696, "USDGHS": 8.097935, "USDGIP": 0.842337, "USDGMD": 54.089935, "USDGNF": 8645.657354, "USDGTQ": 7.714182, "USDGYD": 208.522212, "USDHKD": 7.849955, "USDHNL": 24.50296, "USDHRK": 7.415702, "USDHTG": 115.492427, "USDHUF": 397.739594, "USDIDR": 14971.55, "USDILS": 3.456265, "USDINR": 79.93655, "USDIQD": 1454.646341, "USDIRR": 42350.000043, "USDISK": 137.119972, "USDJMD": 151.20216, "USDJOD": 0.709027, "USDJPY": 138.110498, "USDKES": 118.495467, "USDKGS": 80.969402, "USDKHR": 4071.400615, "USDKMF": 464.624999, "USDKPW": 899.999992, "USDKRW": 1316.169664, "USDKWD": 0.30783, "USDKYD": 0.830629, "USDKZT": 480.453016, "USDLAK": 14983.675593, "USDLBP": 1506.997944, "USDLKR": 358.807005, "USDLRD": 152.496702, "USDLYD": 4.857752, "USDMAD": 10.404019, "USDMDL": 19.255964, "USDMGA": 4196.588438, "USDMKD": 60.733341, "USDMMK": 1845.50057, "USDMNT": 3144.659992, "USDMOP": 8.058579, "USDMUR": 45.693627, "USDMVR": 15.349732, "USDMWK": 1023.013927, "USDMXN": 20.34689, "USDMYR": 4.452972, "USDMZN": 63.829945, "USDNAD": 15.839765, "USDNGN": 425.493798, "USDNIO": 35.735978, "USDNOK": 10.126085, "USDNPR": 127.290743, "USDNZD": 1.619285, "USDOMR": 0.385012, "USDPAB": 0.996686, "USDPEN": 3.892453, "USDPGK": 3.557086, "USDPHP": 56.35497, "USDPKR": 210.067086, "USDPLN": 4.71695, "USDPYG": 6837.635634, "USDQAR": 3.640978, "USDRON": 4.87681, "USDRSD": 115.824975, "USDRUB": 56.725002, "USDRWF": 1028.046551, "USDSAR": 3.756699, "USDSBD": 8.159969, "USDSCR": 13.105191, "USDSDG": 456.506315, "USDSEK": 10.418875, "USDSGD": 1.397245, "USDSHP": 1.3774, "USDSLL": 13169.999752, "USDSOS": 584.499391, "USDSRD": 22.507501, "USDSYP": 2512.529433, "USDSZL": 17.124808, "USDTHB": 36.640145, "USDTJS": 10.265795, "USDTMT": 3.51, "USDTND": 3.063497, "USDTOP": 2.36055, "USDTRY": 17.492955, "USDTTD": 6.769848, "USDTWD": 29.901097, "USDTZS": 2331.99972, "USDUAH": 29.450811, "USDUGX": 3757.462261, "USDUSD": 1.000268, "USDUYU": 40.953386, "USDUZS": 10913.890224, "USDVND": 23443, "USDVUV": 118.896025, "USDWST": 2.72097, "USDXAF": 649.967549, "USDXCD": 2.70255, "USDXOF": 650.009414, "USDXPF": 113.150075, "USDYER": 250.249859, "USDZAR": 17.06325, "USDZMW": 16.371798}}