{"timestamp": 1658998743, "source": "USD", "quotes": {"USDAED": 3.673008, "USDAFN": 90.242538, "USDALL": 114.533337, "USDAMD": 405.229785, "USDANG": 1.79608, "USDAOA": 433.287199, "USDARS": 130.908245, "USDAUD": 1.42787, "USDAWG": 1.8, "USDAZN": 1.701753, "USDBAM": 1.919711, "USDBBD": 2.01221, "USDBDT": 94.403808, "USDBGN": 1.918012, "USDBHD": 0.377009, "USDBIF": 2052.993198, "USDBMD": 1, "USDBND": 1.38258, "USDBOB": 6.851722, "USDBRL": 5.244498, "USDBSD": 0.996535, "USDBTN": 79.609631, "USDBWP": 12.631057, "USDBYN": 2.515925, "USDBZD": 2.008775, "USDCAD": 1.279835, "USDCDF": 2002.496721, "USDCHF": 0.95755, "USDCLP": 910.25034, "USDCNY": 6.744496, "USDCOP": 4429.64, "USDCRC": 668.204393, "USDCUP": 26.5, "USDCVE": 108.230802, "USDCZK": 24.069298, "USDDJF": 177.419197, "USDDKK": 7.287185, "USDDOP": 54.164622, "USDDZD": 145.920098, "USDEGP": 18.9638, "USDERN": 15, "USDETB": 52.431931, "USDEUR": 0.978915, "USDFJD": 2.18875, "USDFKP": 0.842337, "USDGBP": 0.82064, "USDGEL": 2.767501, "USDGHS": 8.396612, "USDGIP": 0.842337, "USDGMD": 54.049769, "USDGNF": 8626.534879, "USDGTQ": 7.708926, "USDGYD": 208.514105, "USDHKD": 7.84985, "USDHNL": 24.518561, "USDHRK": 7.3621, "USDHTG": 114.341241, "USDHUF": 398.509009, "USDIDR": 14918.75, "USDILS": 3.416345, "USDINR": 79.80105, "USDIQD": 1454.482996, "USDIRR": 42399.99997, "USDISK": 135.990125, "USDJMD": 152.593196, "USDJOD": 0.708985, "USDJPY": 135.3145, "USDKES": 118.849415, "USDKGS": 82.368399, "USDKHR": 4084.078484, "USDKMF": 486.024954, "USDKPW": 899.999992, "USDKRW": 1301.9302, "USDKWD": 0.30707, "USDKYD": 0.830462, "USDKZT": 476.615333, "USDLAK": 15023.899964, "USDLBP": 1506.841248, "USDLKR": 358.768784, "USDLRD": 152.501177, "USDLYD": 4.858416, "USDMAD": 10.272135, "USDMDL": 19.258856, "USDMGA": 4198.894811, "USDMKD": 60.294759, "USDMMK": 1845.166809, "USDMNT": 3144.659992, "USDMOP": 8.057418, "USDMUR": 45.554473, "USDMVR": 15.40093, "USDMWK": 1022.635768, "USDMXN": 20.371202, "USDMYR": 4.451498, "USDMZN": 63.830165, "USDNAD": 16.8275, "USDNGN": 415.639699, "USDNIO": 35.782923, "USDNOK": 9.69209, "USDNPR": 127.37088, "USDNZD": 1.58954, "USDOMR": 0.384495, "USDPAB": 0.99655, "USDPEN": 3.909073, "USDPGK": 3.512333, "USDPHP": 55.885503, "USDPKR": 235.441928, "USDPLN": 4.697203, "USDPYG": 6862.479511, "USDQAR": 3.64075, "USDRON": 4.831701, "USDRSD": 114.889771, "USDRUB": 59.875015, "USDRWF": 1022.791072, "USDSAR": 3.75607, "USDSBD": 8.159969, "USDSCR": 12.999643, "USDSDG": 568.497436, "USDSEK": 10.217165, "USDSGD": 1.380845, "USDSHP": 1.3774, "USDSLL": 13892.50406, "USDSOS": 579.999684, "USDSRD": 24.118501, "USDSYP": 2512.529433, "USDSZL": 16.804864, "USDTHB": 36.548972, "USDTJS": 10.170496, "USDTMT": 3.475, "USDTND": 3.180998, "USDTOP": 2.33685, "USDTRY": 17.928735, "USDTTD": 6.766782, "USDTWD": 29.946603, "USDTZS": 2332.00017, "USDUAH": 36.788768, "USDUGX": 3866.389211, "USDUSD": 1.000268, "USDUYU": 41.553993, "USDUZS": 10905.076461, "USDVND": 23365, "USDVUV": 118.896025, "USDWST": 2.72097, "USDXAF": 643.839932, "USDXCD": 2.70255, "USDXOF": 643.833613, "USDXPF": 118.501015, "USDYER": 250.150137, "USDZAR": 16.68845, "USDZMW": 16.792399}}