{"timestamp": 1657513095, "source": "USD", "quotes": {"USDAED": 3.673104, "USDAFN": 87.589593, "USDALL": 115.945017, "USDAMD": 405.547374, "USDANG": 1.794011, "USDAOA": 430.953404, "USDARS": 125.923711, "USDAUD": 1.458364, "USDAWG": 1.795, "USDAZN": 1.70397, "USDBAM": 1.920304, "USDBBD": 2.009917, "USDBDT": 93.009327, "USDBGN": 1.922471, "USDBHD": 0.377025, "USDBIF": 2049.121257, "USDBMD": 1, "USDBND": 1.395484, "USDBOB": 6.843692, "USDBRL": 5.255081, "USDBSD": 0.995484, "USDBTN": 78.88434, "USDBWP": 12.616593, "USDBYN": 2.558861, "USDBZD": 2.00648, "USDCAD": 1.296805, "USDCDF": 2002.50392, "USDCHF": 0.976716, "USDCLP": 974.110396, "USDCNY": 6.695204, "USDCOP": 4374.963181, "USDCRC": 683.986254, "USDCUP": 26.5, "USDCVE": 108.26215, "USDCZK": 24.19205, "USDDJF": 177.211586, "USDDKK": 7.305204, "USDDOP": 54.520373, "USDDZD": 146.702995, "USDEGP": 18.860088, "USDERN": 15.000001, "USDETB": 51.937261, "USDEUR": 0.98175, "USDFJD": 2.210392, "USDFKP": 0.821099, "USDGBP": 0.83129, "USDGEL": 2.940391, "USDGHS": 8.013353, "USDGIP": 0.821099, "USDGMD": 54.09039, "USDGNF": 8645.949926, "USDGTQ": 7.714678, "USDGYD": 208.32597, "USDHKD": 7.84885, "USDHNL": 24.472263, "USDHRK": 7.38104, "USDHTG": 115.347079, "USDHUF": 397.72504, "USDIDR": 14976.95, "USDILS": 3.459205, "USDINR": 79.290504, "USDIQD": 1452.852234, "USDIRR": 42350.000352, "USDISK": 136.980386, "USDJMD": 150.088365, "USDJOD": 0.70904, "USDJPY": 136.090385, "USDKES": 117.611782, "USDKGS": 82.645304, "USDKHR": 4058.419244, "USDKMF": 464.625039, "USDKPW": 899.999844, "USDKRW": 1294.790384, "USDKWD": 0.30747, "USDKYD": 0.829455, "USDKZT": 471.595484, "USDLAK": 14955.03191, "USDLBP": 1505.154639, "USDLKR": 362.839568, "USDLRD": 152.503775, "USDLYD": 4.851252, "USDMAD": 10.135101, "USDMDL": 19.187236, "USDMGA": 4074.354443, "USDMKD": 60.495827, "USDMMK": 1843.065096, "USDMNT": 3124.087599, "USDMOP": 8.047423, "USDMUR": 45.400098, "USDMVR": 15.350378, "USDMWK": 1021.75945, "USDMXN": 20.468404, "USDMYR": 4.427039, "USDMZN": 63.830377, "USDNAD": 15.840377, "USDNGN": 415.330377, "USDNIO": 35.691703, "USDNOK": 10.06727, "USDNPR": 126.215022, "USDNZD": 1.614336, "USDOMR": 0.385007, "USDPAB": 0.995385, "USDPEN": 3.872361, "USDPGK": 3.552577, "USDPHP": 55.830375, "USDPKR": 206.410309, "USDPLN": 4.68785, "USDPYG": 6841.728031, "USDQAR": 3.641038, "USDRON": 4.852304, "USDRSD": 115.270496, "USDRUB": 64.999904, "USDRWF": 1026.156112, "USDSAR": 3.75421, "USDSBD": 8.159969, "USDSCR": 14.111929, "USDSDG": 456.503678, "USDSEK": 10.489635, "USDSGD": 1.39936, "USDSHP": 1.377404, "USDSLL": 13170.000339, "USDSOS": 584.503667, "USDSRD": 22.448504, "USDSYP": 2512.53037, "USDSZL": 16.850368, "USDTHB": 35.852038, "USDTJS": 10.467059, "USDTMT": 3.51, "USDTND": 3.063504, "USDTOP": 2.35335, "USDTRY": 17.273304, "USDTTD": 6.756112, "USDTWD": 29.763504, "USDTZS": 2321.37457, "USDUAH": 29.409131, "USDUGX": 3740.893471, "USDUSD": 1, "USDUYU": 40.061856, "USDUZS": 10870.535101, "USDVND": 23357.5, "USDVUV": 116.210833, "USDWST": 2.644722, "USDXAF": 644.042219, "USDXCD": 2.70255, "USDXOF": 644.042219, "USDXPF": 113.150364, "USDYER": 250.250364, "USDZAR": 16.82135, "USDZMW": 16.250663}}