{"timestamp": 1658912343, "source": "USD", "quotes": {"USDAED": 3.67302, "USDAFN": 90.459942, "USDALL": 114.993196, "USDAMD": 407.930419, "USDANG": 1.804134, "USDAOA": 432.29295, "USDARS": 130.600739, "USDAUD": 1.440725, "USDAWG": 1.7975, "USDAZN": 1.683424, "USDBAM": 1.928712, "USDBBD": 2.021281, "USDBDT": 94.825849, "USDBGN": 1.927837, "USDBHD": 0.377018, "USDBIF": 2062.246372, "USDBMD": 1, "USDBND": 1.389991, "USDBOB": 6.892294, "USDBRL": 5.351499, "USDBSD": 1.001026, "USDBTN": 79.781375, "USDBWP": 12.655661, "USDBYN": 2.526736, "USDBZD": 2.017829, "USDCAD": 1.28539, "USDCDF": 2002.498309, "USDCHF": 0.96109, "USDCLP": 924.900254, "USDCNY": 6.756202, "USDCOP": 4451.61, "USDCRC": 672.327081, "USDCUP": 26.5, "USDCVE": 108.735097, "USDCZK": 24.240803, "USDDJF": 178.211671, "USDDKK": 7.33775, "USDDOP": 54.3883, "USDDZD": 146.37877, "USDEGP": 18.9213, "USDERN": 15, "USDETB": 52.663291, "USDEUR": 0.98565, "USDFJD": 2.200305, "USDFKP": 0.842337, "USDGBP": 0.8292, "USDGEL": 2.940113, "USDGHS": 8.283748, "USDGIP": 0.842337, "USDGMD": 54.089665, "USDGNF": 8666.959227, "USDGTQ": 7.743154, "USDGYD": 209.435339, "USDHKD": 7.84963, "USDHNL": 24.626626, "USDHRK": 7.406801, "USDHTG": 116.514716, "USDHUF": 398.40603, "USDIDR": 14985.95, "USDILS": 3.427215, "USDINR": 79.91145, "USDIQD": 1461.077254, "USDIRR": 42349.999883, "USDISK": 137.119915, "USDJMD": 153.021749, "USDJOD": 0.7097, "USDJPY": 136.787502, "USDKES": 118.801438, "USDKGS": 80.960404, "USDKHR": 4100.450182, "USDKMF": 464.624986, "USDKPW": 899.999992, "USDKRW": 1314.020149, "USDKWD": 0.30734, "USDKYD": 0.834172, "USDKZT": 480.56328, "USDLAK": 15076.449734, "USDLBP": 1513.793358, "USDLKR": 355.365879, "USDLRD": 152.50004, "USDLYD": 4.885832, "USDMAD": 10.269412, "USDMDL": 19.320458, "USDMGA": 4217.087746, "USDMKD": 60.760704, "USDMMK": 1853.471984, "USDMNT": 3144.659992, "USDMOP": 8.093111, "USDMUR": 45.452752, "USDMVR": 15.349908, "USDMWK": 1027.498373, "USDMXN": 20.410801, "USDMYR": 4.46098, "USDMZN": 63.830462, "USDNAD": 15.840144, "USDNGN": 415.249993, "USDNIO": 35.944519, "USDNOK": 9.811398, "USDNPR": 127.650594, "USDNZD": 1.604795, "USDOMR": 0.38503, "USDPAB": 1.001026, "USDPEN": 3.920774, "USDPGK": 3.528083, "USDPHP": 55.668502, "USDPKR": 233.122991, "USDPLN": 4.71338, "USDPYG": 6904.423801, "USDQAR": 3.640983, "USDRON": 4.8638, "USDRSD": 115.770335, "USDRUB": 60.375041, "USDRWF": 1034.34198, "USDSAR": 3.756159, "USDSBD": 8.159969, "USDSCR": 12.822813, "USDSDG": 456.50087, "USDSEK": 10.295801, "USDSGD": 1.388055, "USDSHP": 1.377402, "USDSLL": 13169.999887, "USDSOS": 584.501607, "USDSRD": 24.182503, "USDSYP": 2512.529433, "USDSZL": 16.804134, "USDTHB": 36.784034, "USDTJS": 10.210886, "USDTMT": 3.51, "USDTND": 3.0635, "USDTOP": 2.34505, "USDTRY": 17.888902, "USDTTD": 6.794764, "USDTWD": 29.949702, "USDTZS": 2331.999805, "USDUAH": 36.83924, "USDUGX": 3849.081908, "USDUSD": 1.000268, "USDUYU": 41.85863, "USDUZS": 10970.872159, "USDVND": 23380, "USDVUV": 118.896025, "USDWST": 2.72097, "USDXAF": 646.858929, "USDXCD": 2.70255, "USDXOF": 646.85255, "USDXPF": 113.150081, "USDYER": 250.250347, "USDZAR": 16.84975, "USDZMW": 16.81794}}