{"timestamp": 1649059924, "source": "USD", "quotes": {"USDAED": 3.672965, "USDAFN": 88.67267, "USDALL": 110.060189, "USDAMD": 483.498581, "USDANG": 1.805313, "USDAOA": 444.574, "USDARS": 111.121015, "USDAUD": 1.329751, "USDAWG": 1.8, "USDAZN": 1.700902, "USDBAM": 1.770158, "USDBBD": 2.022464, "USDBDT": 86.368598, "USDBGN": 1.771115, "USDBHD": 0.377052, "USDBIF": 2055.191014, "USDBMD": 1, "USDBND": 1.358144, "USDBOB": 6.896433, "USDBRL": 4.658503, "USDBSD": 1.001674, "USDBTN": 76.082378, "USDBWP": 11.494049, "USDBYN": 3.262406, "USDBZD": 2.019025, "USDCAD": 1.249175, "USDCDF": 2009.999822, "USDCHF": 0.925675, "USDCLP": 783.000342, "USDCNY": 6.363404, "USDCOP": 3749.06, "USDCRC": 656.496357, "USDCUP": 26.5, "USDCVE": 99.79591, "USDCZK": 22.05599, "USDDJF": 178.325444, "USDDKK": 6.745399, "USDDOP": 55.103408, "USDDZD": 143.278642, "USDEGP": 18.270073, "USDERN": 15.000005, "USDETB": 51.4659, "USDEUR": 0.90685, "USDFJD": 2.08645, "USDFKP": 0.766959, "USDGBP": 0.762025, "USDGEL": 3.095025, "USDGHS": 7.537481, "USDGIP": 0.766959, "USDGMD": 53.894644, "USDGNF": 8949.178622, "USDGTQ": 7.697675, "USDGYD": 209.556478, "USDHKD": 7.83615, "USDHNL": 24.587953, "USDHRK": 6.846801, "USDHTG": 106.677588, "USDHUF": 334.237987, "USDIDR": 14348.1, "USDILS": 3.2155, "USDINR": 75.45015, "USDIQD": 1461.946438, "USDIRR": 42349.999822, "USDISK": 128.749787, "USDJMD": 153.565642, "USDJOD": 0.708975, "USDJPY": 122.600498, "USDKES": 115.098901, "USDKGS": 81.520497, "USDKHR": 4056.783933, "USDKMF": 445.949751, "USDKPW": 900.00035, "USDKRW": 1215.219932, "USDKWD": 0.30422, "USDKYD": 0.834744, "USDKZT": 476.355112, "USDLAK": 11786.603191, "USDLBP": 1514.539909, "USDLKR": 297.945406, "USDLRD": 152.650029, "USDLYD": 4.650418, "USDMAD": 9.723683, "USDMDL": 18.350515, "USDMGA": 4046.875141, "USDMKD": 55.742525, "USDMMK": 1781.175906, "USDMNT": 2878.772791, "USDMOP": 8.084425, "USDMUR": 45.301633, "USDMVR": 15.459997, "USDMWK": 818.345477, "USDMXN": 19.830595, "USDMYR": 4.219298, "USDMZN": 63.829948, "USDNAD": 14.670298, "USDNGN": 415.720278, "USDNIO": 35.849723, "USDNOK": 8.746798, "USDNPR": 121.737792, "USDNZD": 1.441825, "USDOMR": 0.384493, "USDPAB": 1.001638, "USDPEN": 3.684168, "USDPGK": 3.530253, "USDPHP": 51.399498, "USDPKR": 184.763905, "USDPLN": 4.201841, "USDPYG": 6938.066233, "USDQAR": 3.640992, "USDRON": 4.482499, "USDRSD": 106.759441, "USDRUB": 84.750126, "USDRWF": 1018.744626, "USDSAR": 3.751356, "USDSBD": 8.022495, "USDSCR": 14.414733, "USDSDG": 447.498441, "USDSEK": 9.3822, "USDSGD": 1.356675, "USDSHP": 1.377401, "USDSLL": 11894.999936, "USDSOS": 583.999814, "USDSRD": 20.726006, "USDSYP": 2512.000338, "USDSZL": 14.624881, "USDTHB": 33.516497, "USDTJS": 12.991434, "USDTMT": 3.5, "USDTND": 2.93698, "USDTOP": 2.252598, "USDTRY": 14.708802, "USDTTD": 6.804026, "USDTWD": 28.641499, "USDTZS": 2320.999911, "USDUAH": 29.450061, "USDUGX": 3580.941348, "USDUSD": 1, "USDUYU": 41.052398, "USDUZS": 11423.598729, "USDVND": 22845, "USDVUV": 114.116604, "USDWST": 2.622046, "USDXAF": 593.706838, "USDXCD": 2.70255, "USDXOF": 593.685344, "USDXPF": 108.49757, "USDYER": 250.249815, "USDZAR": 14.59326, "USDZMW": 17.954819}}