{"timestamp": 1658221144, "source": "USD", "quotes": {"USDAED": 3.673045, "USDAFN": 88.230503, "USDALL": 115.631988, "USDAMD": 415.711091, "USDANG": 1.80699, "USDAOA": 429.255101, "USDARS": 128.835059, "USDAUD": 1.451547, "USDAWG": 1.7975, "USDAZN": 1.703608, "USDBAM": 1.930854, "USDBBD": 2.024473, "USDBDT": 94.199924, "USDBGN": 1.910371, "USDBHD": 0.376865, "USDBIF": 2064.219957, "USDBMD": 1, "USDBND": 1.399709, "USDBOB": 6.883265, "USDBRL": 5.437896, "USDBSD": 1.002611, "USDBTN": 80.120245, "USDBWP": 12.797015, "USDBYN": 2.531332, "USDBZD": 2.021018, "USDCAD": 1.29554, "USDCDF": 2002.489175, "USDCHF": 0.969825, "USDCLP": 1050.759712, "USDCNY": 6.741799, "USDCOP": 4323.28, "USDCRC": 684.788564, "USDCUP": 26.5, "USDCVE": 108.856936, "USDCZK": 23.974003, "USDDJF": 178.497564, "USDDKK": 7.26963, "USDDOP": 54.583866, "USDDZD": 145.907035, "USDEGP": 18.9088, "USDERN": 15, "USDETB": 52.335099, "USDEUR": 0.976545, "USDFJD": 2.20465, "USDFKP": 0.842337, "USDGBP": 0.83241, "USDGEL": 2.940332, "USDGHS": 8.146623, "USDGIP": 0.842337, "USDGMD": 54.089749, "USDGNF": 8699.163314, "USDGTQ": 7.758203, "USDGYD": 209.77654, "USDHKD": 7.85015, "USDHNL": 24.652625, "USDHRK": 7.335043, "USDHTG": 116.187279, "USDHUF": 389.454012, "USDIDR": 14966.55, "USDILS": 3.438755, "USDINR": 79.90605, "USDIQD": 1463.400909, "USDIRR": 42349.999584, "USDISK": 135.660369, "USDJMD": 151.98997, "USDJOD": 0.708983, "USDJPY": 137.731987, "USDKES": 118.501654, "USDKGS": 80.0811, "USDKHR": 4089.345213, "USDKMF": 464.625012, "USDKPW": 899.999992, "USDKRW": 1310.264986, "USDKWD": 0.30747, "USDKYD": 0.835493, "USDKZT": 487.662091, "USDLAK": 15075.647259, "USDLBP": 1516.173139, "USDLKR": 358.941887, "USDLRD": 152.493978, "USDLYD": 4.885311, "USDMAD": 10.53187, "USDMDL": 19.371048, "USDMGA": 4218.114329, "USDMKD": 60.828187, "USDMMK": 1856.389474, "USDMNT": 3144.659992, "USDMOP": 8.106937, "USDMUR": 45.253421, "USDMVR": 15.350148, "USDMWK": 1029.822648, "USDMXN": 20.356498, "USDMYR": 4.449499, "USDMZN": 63.830121, "USDNAD": 15.839722, "USDNGN": 415.380153, "USDNIO": 35.950342, "USDNOK": 9.951993, "USDNPR": 128.190295, "USDNZD": 1.606445, "USDOMR": 0.384986, "USDPAB": 1.002631, "USDPEN": 3.915059, "USDPGK": 3.53307, "USDPHP": 56.284502, "USDPKR": 216.194402, "USDPLN": 4.66083, "USDPYG": 6879.871268, "USDQAR": 3.640986, "USDRON": 4.823703, "USDRSD": 114.635004, "USDRUB": 55.524996, "USDRWF": 1027.005148, "USDSAR": 3.756119, "USDSBD": 8.159969, "USDSCR": 13.357231, "USDSDG": 456.501428, "USDSEK": 10.26789, "USDSGD": 1.390765, "USDSHP": 1.3774, "USDSLL": 13169.999533, "USDSOS": 584.500193, "USDSRD": 22.620012, "USDSYP": 2512.529433, "USDSZL": 17.122577, "USDTHB": 36.574027, "USDTJS": 10.227213, "USDTMT": 3.51, "USDTND": 3.063502, "USDTOP": 2.35725, "USDTRY": 17.565602, "USDTTD": 6.807742, "USDTWD": 29.888499, "USDTZS": 2331.509066, "USDUAH": 29.60171, "USDUGX": 3797.084709, "USDUSD": 1.000268, "USDUYU": 41.204433, "USDUZS": 10979.046039, "USDVND": 23423, "USDVUV": 118.896025, "USDWST": 2.72097, "USDXAF": 647.56776, "USDXCD": 2.70255, "USDXOF": 647.56776, "USDXPF": 113.150014, "USDYER": 250.249983, "USDZAR": 17.01771, "USDZMW": 16.468352}}