{"timestamp": 1650442324, "source": "USD", "quotes": {"USDAED": 3.673098, "USDAFN": 86.874366, "USDALL": 111.9216, "USDAMD": 472.811312, "USDANG": 1.801829, "USDAOA": 415.4685, "USDARS": 113.789224, "USDAUD": 1.348555, "USDAWG": 1.8005, "USDAZN": 1.702279, "USDBAM": 1.811616, "USDBBD": 2.01872, "USDBDT": 86.207826, "USDBGN": 1.809028, "USDBHD": 0.377016, "USDBIF": 2052.463633, "USDBMD": 1, "USDBND": 1.366426, "USDBOB": 6.863749, "USDBRL": 4.666102, "USDBSD": 0.999819, "USDBTN": 76.2694, "USDBWP": 11.645926, "USDBYN": 3.313002, "USDBZD": 2.015293, "USDCAD": 1.257715, "USDCDF": 2012.000195, "USDCHF": 0.94982, "USDCLP": 819.797294, "USDCNY": 6.417402, "USDCOP": 3749, "USDCRC": 651.54897, "USDCUP": 26.5, "USDCVE": 102.136469, "USDCZK": 22.57497, "USDDJF": 177.992673, "USDDKK": 6.88293, "USDDOP": 54.98863, "USDDZD": 143.858041, "USDEGP": 18.484197, "USDERN": 15.000002, "USDETB": 51.491425, "USDEUR": 0.925098, "USDFJD": 2.11335, "USDFKP": 0.768642, "USDGBP": 0.768845, "USDGEL": 3.034982, "USDGHS": 7.598661, "USDGIP": 0.768642, "USDGMD": 53.924973, "USDGNF": 8906.776089, "USDGTQ": 7.658591, "USDGYD": 209.265597, "USDHKD": 7.84355, "USDHNL": 24.538377, "USDHRK": 6.997101, "USDHTG": 108.478564, "USDHUF": 343.339988, "USDIDR": 14365.85, "USDILS": 3.236795, "USDINR": 76.490501, "USDIQD": 1459.223135, "USDIRR": 42300.000132, "USDISK": 128.960086, "USDJMD": 154.512488, "USDJOD": 0.708994, "USDJPY": 128.632056, "USDKES": 115.549922, "USDKGS": 81.014302, "USDKHR": 4044.164301, "USDKMF": 456.375019, "USDKPW": 900.000119, "USDKRW": 1236.725025, "USDKWD": 0.30562, "USDKYD": 0.833183, "USDKZT": 446.074685, "USDLAK": 11918.728783, "USDLBP": 1511.67799, "USDLKR": 329.928168, "USDLRD": 152.000102, "USDLYD": 4.684905, "USDMAD": 9.828036, "USDMDL": 18.446454, "USDMGA": 4041.625564, "USDMKD": 57.071799, "USDMMK": 1851.14844, "USDMNT": 2994.863198, "USDMOP": 8.076269, "USDMUR": 42.994537, "USDMVR": 15.449978, "USDMWK": 811.123307, "USDMXN": 20.06815, "USDMYR": 4.292498, "USDMZN": 63.830205, "USDNAD": 14.940312, "USDNGN": 414.481732, "USDNIO": 35.798278, "USDNOK": 8.79826, "USDNPR": 122.02889, "USDNZD": 1.475595, "USDOMR": 0.38449, "USDPAB": 0.999819, "USDPEN": 3.734607, "USDPGK": 3.522863, "USDPHP": 52.509951, "USDPKR": 184.315044, "USDPLN": 4.289021, "USDPYG": 6854.237006, "USDQAR": 3.640986, "USDRON": 4.572022, "USDRSD": 108.863839, "USDRUB": 80.683003, "USDRWF": 1017.788584, "USDSAR": 3.750166, "USDSBD": 8.003264, "USDSCR": 14.414781, "USDSDG": 447.500773, "USDSEK": 9.496331, "USDSGD": 1.367198, "USDSHP": 1.3774, "USDSLL": 12354.999749, "USDSOS": 579.000037, "USDSRD": 20.709517, "USDSYP": 2512.449491, "USDSZL": 14.854645, "USDTHB": 33.8405, "USDTJS": 12.452748, "USDTMT": 3.5, "USDTND": 3.0055, "USDTOP": 2.275099, "USDTRY": 14.670597, "USDTTD": 6.787267, "USDTWD": 29.280498, "USDTZS": 2321.99941, "USDUAH": 29.51913, "USDUGX": 3519.407921, "USDUSD": 1, "USDUYU": 41.25752, "USDUZS": 11257.126449, "USDVND": 22962.5, "USDVUV": 112.581651, "USDWST": 2.585442, "USDXAF": 607.578557, "USDXCD": 2.70255, "USDXOF": 607.595441, "USDXPF": 110.939887, "USDYER": 250.250174, "USDZAR": 15.07884, "USDZMW": 17.421718}}