{"timestamp": 1664065744, "source": "USD", "quotes": {"USDAED": 3.673104, "USDAFN": 88.910677, "USDALL": 120.047474, "USDAMD": 417.214511, "USDANG": 1.813613, "USDAOA": 431.154304, "USDARS": 146.091233, "USDAUD": 1.531863, "USDAWG": 1.8, "USDAZN": 1.70397, "USDBAM": 2.018505, "USDBBD": 2.03189, "USDBDT": 103.750658, "USDBGN": 2.017537, "USDBHD": 0.377109, "USDBIF": 2078.187729, "USDBMD": 1, "USDBND": 1.435575, "USDBOB": 6.95361, "USDBRL": 5.264726, "USDBSD": 1.006347, "USDBTN": 81.405129, "USDBWP": 13.364054, "USDBYN": 2.540482, "USDBZD": 2.028381, "USDCAD": 1.36029, "USDCDF": 2045.000362, "USDCHF": 0.981075, "USDCLP": 950.662057, "USDCNY": 7.128404, "USDCOP": 4392.693121, "USDCRC": 634.666391, "USDCUP": 26.5, "USDCVE": 113.798442, "USDCZK": 25.40204, "USDDJF": 179.152691, "USDDKK": 7.673104, "USDDOP": 53.591001, "USDDZD": 140.622323, "USDEGP": 19.612983, "USDERN": 15, "USDETB": 53.162599, "USDEUR": 1.03203, "USDFJD": 2.28685, "USDFKP": 0.864596, "USDGBP": 0.920938, "USDGEL": 2.82504, "USDGHS": 10.113422, "USDGIP": 0.864596, "USDGMD": 54.75039, "USDGNF": 8695.495124, "USDGTQ": 7.888436, "USDGYD": 210.537179, "USDHKD": 7.84974, "USDHNL": 24.842355, "USDHRK": 7.757204, "USDHTG": 119.247639, "USDHUF": 419.17804, "USDIDR": 15112.1, "USDILS": 3.509225, "USDINR": 81.255504, "USDIQD": 1468.734197, "USDIRR": 42350.000352, "USDISK": 144.080386, "USDJMD": 152.908819, "USDJOD": 0.70904, "USDJPY": 143.376504, "USDKES": 121.361061, "USDKGS": 81.565604, "USDKHR": 4143.970277, "USDKMF": 508.650384, "USDKPW": 900.000045, "USDKRW": 1422.760384, "USDKWD": 0.30995, "USDKYD": 0.838537, "USDKZT": 484.896021, "USDLAK": 16291.139894, "USDLBP": 1521.543939, "USDLKR": 362.272047, "USDLRD": 154.000348, "USDLYD": 5.039373, "USDMAD": 10.938232, "USDMDL": 19.562723, "USDMGA": 4254.182362, "USDMKD": 63.589453, "USDMMK": 2113.253315, "USDMNT": 3224.442056, "USDMOP": 8.13623, "USDMUR": 44.550379, "USDMVR": 15.450378, "USDMWK": 1032.912947, "USDMXN": 20.199604, "USDMYR": 4.578504, "USDMZN": 63.830377, "USDNAD": 17.950377, "USDNGN": 430.550377, "USDNIO": 36.166985, "USDNOK": 10.64693, "USDNPR": 130.248207, "USDNZD": 1.740796, "USDOMR": 0.38504, "USDPAB": 1.006244, "USDPEN": 3.911347, "USDPGK": 3.591413, "USDPHP": 58.750375, "USDPKR": 240.759895, "USDPLN": 4.896319, "USDPYG": 7061.251871, "USDQAR": 3.641038, "USDRON": 5.099604, "USDRSD": 121.055038, "USDRUB": 57.875038, "USDRWF": 1064.564735, "USDSAR": 3.762238, "USDSBD": 8.176752, "USDSCR": 14.374038, "USDSDG": 577.503678, "USDSEK": 11.29318, "USDSGD": 1.429925, "USDSHP": 1.377404, "USDSLL": 15295.000339, "USDSOS": 567.503667, "USDSRD": 27.466038, "USDSYP": 2512.530318, "USDSZL": 17.989164, "USDTHB": 37.51037, "USDTJS": 10.037979, "USDTMT": 3.51, "USDTND": 3.297038, "USDTOP": 2.398038, "USDTRY": 18.415704, "USDTTD": 6.844935, "USDTWD": 31.805038, "USDTZS": 2346.715517, "USDUAH": 37.165179, "USDUGX": 3847.154136, "USDUYU": 41.112545, "USDUZS": 11079.81836, "USDVND": 23710, "USDVUV": 118.961877, "USDWST": 2.725578, "USDXAF": 676.97714, "USDXCD": 2.70255, "USDXOF": 676.97714, "USDXPF": 123.550364, "USDYER": 250.375037, "USDZAR": 17.92624, "USDZMW": 16.100934}}